year,country,pilgrim_count,temperature_c,humidity_pct,safety_incidents,transport_trips,hospital_visits,crowd_density_score,accommodation_utilization,feedback_score,water_stations,medical_teams_deployed,buses_allocated,note,yoy_growth,heat_risk_index,incident_rate_per10k,hospital_rate_pct,crisis_year,covid_year,medical_teams_per10k,sentiment
2000,Afghanistan,18357,43.7,38.1,3,63,2399.0,6.49,0.73,3.39,186,10801,319,Normal year,,41.74,1.634,13.069,0,0,5883.86,Neutral
2001,Afghanistan,16291,39.7,34.1,3,86,700.0,8.07,0.97,3.83,132,11137,349,Post 9/11 security heightened,-0.1125,37.74,1.842,4.297,0,0,6836.29,Neutral
2002,Afghanistan,17414,40.5,34.6,1,90,1041.0,8.68,0.94,2.38,160,10391,331,Normal year,0.0689,38.44,0.574,5.978,0,0,5967.04,Negative
2003,Afghanistan,15119,40.5,34.5,3,86,619.0,9.13,0.88,3.56,131,3845,323,Normal year,-0.1318,38.4,1.984,4.094,0,0,2543.16,Neutral
2004,Afghanistan,15518,39.4,33.4,3,78,892.0,5.66,0.91,2.54,145,9600,265,Normal year,0.0264,37.3,1.933,5.748,0,0,6186.36,Negative
2005,Afghanistan,20266,35.8,36.2,3,59,1195.0,2.34,0.92,2.66,132,11049,370,Normal year,0.306,35.94,1.48,5.897,0,0,5451.99,Negative
2006,Afghanistan,18108,36.8,19.8,34,85,4502.0,9.26,0.91,2.44,231,9776,416,Mina stampede – 346 deaths,-0.1065,30.85,18.776,24.862,1,0,5398.72,Negative
2007,Afghanistan,15324,38.6,19.4,2,43,326.0,5.84,0.86,,159,6199,286,Normal year,-0.1537,31.88,1.305,2.127,0,0,4045.29,Unknown
2008,Afghanistan,17127,41.0,43.7,3,59,607.0,4.04,0.91,2.79,171,6757,330,Normal year,0.1177,41.94,1.752,3.544,0,0,3945.23,Negative
2009,Afghanistan,15814,40.1,51.5,3,46,1333.0,8.42,0.86,3.75,236,8925,356,H1N1 flu precautions,-0.0767,44.09,1.897,8.429,0,0,5643.73,Neutral
2010,Afghanistan,16105,42.1,33.8,1,68,930.0,3.67,0.9,3.92,158,6748,394,Normal year,0.0184,39.2,0.621,5.775,0,0,4190.0,Neutral
2011,Afghanistan,16188,42.2,21.4,3,76,795.0,7.98,0.98,4.96,121,3480,335,Normal year,0.0052,34.92,1.853,4.911,0,0,2149.74,Positive
2012,Afghanistan,18196,45.4,30.9,3,66,2464.0,5.2,0.77,3.44,239,8951,308,MERS cases in Saudi Arabia,0.124,40.33,1.649,13.541,0,0,4919.21,Neutral
2013,Afghanistan,12248,46.9,63.6,1,59,212.0,4.51,0.69,2.09,204,3419,241,Normal year,-0.3269,52.74,0.816,1.731,0,0,2791.48,Negative
2014,Afghanistan,13869,47.3,60.3,2,81,381.0,9.04,0.9,2.98,106,8438,335,Normal year,0.1323,51.85,1.442,2.747,0,0,6084.07,Negative
2015,Afghanistan,19191,47.8,44.2,25,54,6337.0,7.92,0.82,3.15,238,3407,401,"Mina stampede – 2,400+ deaths; crane collapse",0.3837,46.54,13.027,33.021,1,0,1775.31,Neutral
2016,Afghanistan,11837,43.7,30.1,1,59,554.0,3.13,0.87,4.83,205,6646,290,Normal year,-0.3832,38.94,0.845,4.68,0,0,5614.6,Positive
2017,Afghanistan,16832,45.0,56.4,2,57,376.0,2.04,0.91,4.66,184,12568,366,Normal year,0.422,48.99,1.188,2.234,0,0,7466.73,Positive
2018,Afghanistan,16029,40.3,49.6,2,78,766.0,5.54,0.9,2.14,217,8921,386,Normal year,-0.0477,43.56,1.248,4.779,0,0,5565.54,Negative
2019,Afghanistan,20745,42.7,20.6,1,96,909.0,2.25,0.83,2.99,209,11827,423,Normal year,0.2942,34.97,0.482,4.382,0,0,5701.13,Negative
2020,Afghanistan,1,41.7,38.8,0,0,0.0,2.28,0.05,3.88,243,6605,0,"COVID restrictions, minimal pilgrims",-1.0,40.68,0.0,0.0,0,1,66050000.0,Neutral
2021,Afghanistan,11,41.3,31.2,0,0,0.0,2.4,0.04,2.51,229,9155,0,COVID – vaccinated pilgrims only,10.0,37.76,0.0,0.0,0,1,8322727.27,Negative
2022,Afghanistan,11132,42.5,50.8,1,56,522.0,7.09,0.71,3.5,240,6197,189,Normal year,1011.0,45.4,0.898,4.689,0,0,5566.83,Neutral
2023,Afghanistan,20064,46.1,31.7,4,62,505.0,8.91,0.87,3.92,201,5729,483,Normal year,0.8024,41.06,1.994,2.517,0,0,2855.36,Neutral
2024,Afghanistan,17231,48.0,61.2,32,49,2269.0,8.56,0.68,2.97,260,10514,352,"Record heat wave 51°C – 1,300+ deaths",-0.1412,52.62,18.571,13.168,1,0,6101.79,Negative
2025,Afghanistan,19457,46.4,28.5,4,50,1009.0,8.83,0.74,4.84,319,17071,369,Normal year,0.1292,40.14,2.056,5.186,0,0,8773.71,Positive
2000,Algeria,68780,41.3,20.6,11,361,2399.0,6.08,0.94,3.76,139,7236,1542,Normal year,,34.06,1.599,3.488,0,0,1052.05,Neutral
2001,Algeria,66463,40.2,42.7,28,354,2113.0,5.6,0.92,3.51,185,5568,1151,Post 9/11 security heightened,-0.0337,41.08,4.213,3.179,0,0,837.76,Neutral
2002,Algeria,69723,38.9,42.2,9,325,2399.0,8.02,0.8,2.56,233,4088,1692,Normal year,0.049,40.06,1.291,3.441,0,0,586.32,Negative
2003,Algeria,55931,39.7,52.2,12,307,2399.0,5.73,0.92,3.28,205,8669,971,Normal year,-0.1978,44.08,2.146,4.289,0,0,1549.95,Neutral
2004,Algeria,60135,38.9,46.0,13,193,3528.0,7.53,0.98,3.22,224,4636,1127,Normal year,0.0752,41.38,2.162,5.867,0,0,770.93,Neutral
2005,Algeria,67727,36.8,38.5,14,384,2183.0,2.12,0.7,3.24,215,8806,1280,Normal year,0.1262,37.39,2.067,3.223,0,0,1300.22,Neutral
2006,Algeria,67023,37.5,35.3,113,272,15354.0,5.72,0.72,3.6,161,9193,1442,Mina stampede – 346 deaths,-0.0104,36.73,16.86,22.909,1,0,1371.62,Neutral
2007,Algeria,61992,38.6,62.2,10,272,1854.0,8.53,0.91,3.93,183,5178,1378,Normal year,-0.0751,46.86,1.613,2.991,0,0,835.27,Neutral
2008,Algeria,75037,41.7,26.0,6,288,2126.0,7.79,0.85,2.34,83,5499,1570,Normal year,0.2104,36.21,0.8,2.833,0,0,732.84,Negative
2009,Algeria,65296,42.9,46.8,20,211,6822.0,6.86,0.76,2.94,144,2360,1383,H1N1 flu precautions,-0.1298,44.26,3.063,10.448,0,0,361.43,Negative
2010,Algeria,60840,41.7,61.5,9,202,964.0,4.22,0.7,2.47,140,7805,1342,Normal year,-0.0682,48.63,1.479,1.584,0,0,1282.87,Negative
2011,Algeria,65234,43.3,42.1,11,250,1720.0,6.91,0.75,3.34,187,9732,1332,Normal year,0.0722,42.88,1.686,2.637,0,0,1491.86,Neutral
2012,Algeria,72353,45.6,20.8,23,430,3786.0,4.08,0.91,3.4,172,4495,1209,MERS cases in Saudi Arabia,0.1091,36.92,3.179,5.233,0,0,621.26,Neutral
2013,Algeria,58136,45.7,21.0,12,160,1438.0,6.32,0.9,3.34,224,5446,1226,Normal year,-0.1965,37.06,2.064,2.474,0,0,936.77,Neutral
2014,Algeria,48767,48.7,33.0,11,192,2430.0,5.64,0.71,4.69,165,9728,850,Normal year,-0.1612,43.21,2.256,4.983,0,0,1994.79,Positive
2015,Algeria,71509,46.7,20.0,186,201,27236.0,8.46,0.85,2.67,147,11908,1295,"Mina stampede – 2,400+ deaths; crane collapse",0.4663,37.36,26.011,38.088,1,0,1665.24,Negative
2016,Algeria,52040,45.4,29.5,5,300,1729.0,2.04,0.98,2.18,226,12759,1201,Normal year,-0.2723,39.84,0.961,3.322,0,0,2451.77,Negative
2017,Algeria,66244,43.8,20.7,11,277,2611.0,8.09,0.91,3.6,223,11773,1461,Normal year,0.2729,35.71,1.661,3.941,0,0,1777.22,Neutral
2018,Algeria,72424,41.7,50.3,7,245,3142.0,4.86,0.9,3.0,169,13110,1726,Normal year,0.0933,44.71,0.967,4.338,0,0,1810.17,Neutral
2019,Algeria,69231,43.0,36.6,7,315,2814.0,6.42,0.91,4.78,194,11179,1457,Normal year,-0.0441,40.76,1.011,4.065,0,0,1614.74,Positive
2020,Algeria,8,39.0,22.5,0,0,0.0,2.19,0.06,3.78,190,10650,0,"COVID restrictions, minimal pilgrims",-0.9999,33.22,0.0,0.0,0,1,13312500.0,Neutral
2021,Algeria,45,38.0,55.9,0,0,2.0,2.22,0.06,3.57,172,9851,0,COVID – vaccinated pilgrims only,4.625,44.26,0.0,4.444,0,1,2189111.11,Neutral
2022,Algeria,42009,44.0,20.4,5,216,1779.0,9.18,0.65,3.84,231,7529,904,Normal year,932.5333,35.74,1.19,4.235,0,0,1792.23,Neutral
2023,Algeria,75946,46.5,60.2,13,410,1682.0,2.98,0.73,3.8,290,11148,1453,Normal year,0.8079,51.3,1.712,2.215,0,0,1467.89,Neutral
2024,Algeria,64975,48.8,21.1,122,300,17906.0,9.75,0.7,3.14,295,17029,1351,"Record heat wave 51°C – 1,300+ deaths",-0.1445,39.1,18.776,27.558,1,0,2620.85,Neutral
2025,Algeria,79617,46.5,22.2,9,400,4058.0,5.21,0.78,4.82,298,16893,1607,Normal year,0.2253,38.0,1.13,5.097,0,0,2121.78,Positive
2000,Bangladesh,132042,43.8,40.1,14,348,6403.0,4.67,0.7,3.83,125,7128,2280,Normal year,,42.5,1.06,4.849,0,0,539.83,Neutral
2001,Bangladesh,111038,41.6,23.3,21,394,4058.0,2.18,0.69,4.12,223,8806,2547,Post 9/11 security heightened,-0.1591,35.2,1.891,3.655,0,0,793.06,Positive
2002,Bangladesh,124234,40.2,32.5,19,475,2928.0,2.31,0.71,3.87,145,7838,2340,Normal year,0.1188,37.51,1.529,2.357,0,0,630.91,Neutral
2003,Bangladesh,111879,38.2,46.3,26,642,2822.0,4.61,0.74,4.06,209,7500,2434,Normal year,-0.0994,41.04,2.324,2.522,0,0,670.37,Positive
2004,Bangladesh,114927,38.6,45.3,27,637,3157.0,5.59,0.95,2.21,97,3760,2017,Normal year,0.0272,40.94,2.349,2.747,0,0,327.16,Negative
2005,Bangladesh,147135,38.5,60.9,14,585,3897.0,3.8,0.94,3.63,196,9795,2530,Normal year,0.2802,46.34,0.952,2.649,0,0,665.72,Neutral
2006,Bangladesh,137498,36.8,37.9,111,540,13024.0,2.04,0.73,2.1,213,7946,2518,Mina stampede – 346 deaths,-0.0655,37.18,8.073,9.472,1,0,577.9,Negative
2007,Bangladesh,130019,39.0,37.7,27,704,5700.0,8.88,0.83,3.56,197,6839,2653,Normal year,-0.0544,38.54,2.077,4.384,0,0,526.0,Neutral
2008,Bangladesh,120941,40.3,28.0,28,622,6614.0,8.71,0.67,4.15,209,6840,2508,Normal year,-0.0698,35.99,2.315,5.469,0,0,565.57,Positive
2009,Bangladesh,125541,41.1,26.4,45,753,19112.0,6.27,0.87,4.52,89,2819,2121,H1N1 flu precautions,0.038,35.96,3.584,15.224,0,0,224.55,Positive
2010,Bangladesh,129220,41.1,59.0,22,697,5474.0,6.28,0.66,3.14,199,4807,2183,Normal year,0.0293,47.36,1.703,4.236,0,0,372.0,Neutral
2011,Bangladesh,131031,45.4,60.1,22,613,5469.0,3.8,0.77,4.2,227,11102,3235,Normal year,0.014,50.54,1.679,4.174,0,0,847.28,Positive
2012,Bangladesh,128058,45.7,44.8,44,494,7147.0,8.08,0.98,3.57,124,11807,2200,MERS cases in Saudi Arabia,-0.0227,45.38,3.436,5.581,0,0,922.0,Neutral
2013,Bangladesh,106479,47.9,35.1,25,617,4145.0,3.78,0.72,4.72,122,2490,1902,Normal year,-0.1685,43.42,2.348,3.893,0,0,233.85,Positive
2014,Bangladesh,93719,45.2,54.7,19,333,2416.0,7.87,0.79,2.15,161,5903,1713,Normal year,-0.1198,48.53,2.027,2.578,0,0,629.86,Negative
2015,Bangladesh,143548,45.2,23.7,198,851,51781.0,7.53,0.89,1.63,83,7678,3075,"Mina stampede – 2,400+ deaths; crane collapse",0.5317,37.68,13.793,36.072,1,0,534.87,Negative
2016,Bangladesh,88459,44.2,18.3,12,281,3172.0,8.25,0.72,4.06,212,12886,1709,Normal year,-0.3838,35.14,1.357,3.586,0,0,1456.72,Positive
2017,Bangladesh,133191,42.5,41.1,12,792,7497.0,7.92,0.94,4.18,170,12382,2658,Normal year,0.5057,42.01,0.901,5.629,0,0,929.64,Positive
2018,Bangladesh,125079,41.2,21.0,22,568,6427.0,6.85,0.76,2.71,217,13862,2923,Normal year,-0.0609,34.13,1.759,5.138,0,0,1108.26,Negative
2019,Bangladesh,131769,44.3,41.0,14,331,6754.0,7.87,0.82,4.87,244,10168,3131,Normal year,0.0535,43.14,1.062,5.126,0,0,771.65,Positive
2020,Bangladesh,13,42.0,58.5,0,0,0.0,1.82,0.09,4.28,215,9588,0,"COVID restrictions, minimal pilgrims",-0.9999,47.78,0.0,0.0,0,1,7375384.62,Positive
2021,Bangladesh,85,38.3,63.4,0,0,4.0,1.22,0.09,2.48,234,9336,1,COVID – vaccinated pilgrims only,5.5385,47.08,0.0,4.706,0,1,1098352.94,Negative
2022,Bangladesh,77047,44.2,27.2,18,215,2361.0,4.96,0.8,4.5,227,11142,1436,Normal year,905.4353,38.25,2.336,3.064,0,0,1446.13,Positive
2023,Bangladesh,127678,43.7,54.9,25,648,3172.0,3.22,0.83,3.9,269,10872,2557,Normal year,0.6571,47.62,1.958,2.484,0,0,851.52,Neutral
2024,Bangladesh,138775,47.6,58.1,301,685,41384.0,7.64,0.75,1.92,203,15703,3155,"Record heat wave 51°C – 1,300+ deaths",0.0869,51.28,21.69,29.821,1,0,1131.54,Negative
2025,Bangladesh,143130,46.1,59.4,30,694,7564.0,7.07,0.7,3.71,246,11850,2388,Normal year,0.0314,50.76,2.096,5.285,0,0,827.92,Neutral
2000,Egypt,115029,43.8,50.3,10,573,2084.0,3.92,0.7,2.36,145,4543,2838,Normal year,,46.08,0.869,1.812,0,0,394.94,Negative
2001,Egypt,102318,41.4,43.2,44,312,5067.0,2.97,0.76,,91,3634,2471,Post 9/11 security heightened,-0.1105,42.03,4.3,4.952,0,0,355.17,Unknown
2002,Egypt,88590,41.6,58.8,21,479,3248.0,9.18,0.8,2.74,191,4622,1755,Normal year,-0.1342,47.62,2.37,3.666,0,0,521.73,Negative
2003,Egypt,91101,41.0,54.8,14,334,2934.0,3.66,0.8,2.73,88,2037,2186,Normal year,0.0283,45.83,1.537,3.221,0,0,223.6,Negative
2004,Egypt,95071,38.8,55.8,19,302,1664.0,5.99,0.95,4.28,114,9286,2318,Normal year,0.0436,44.75,1.999,1.75,0,0,976.74,Positive
2005,Egypt,101805,37.5,38.7,21,479,5680.0,2.5,0.94,2.79,95,3015,2413,Normal year,0.0708,37.92,2.063,5.579,0,0,296.15,Negative
2006,Egypt,106182,37.3,36.9,217,591,17656.0,7.69,0.75,2.21,150,4594,2428,Mina stampede – 346 deaths,0.043,37.16,20.437,16.628,1,0,432.65,Negative
2007,Egypt,111497,38.7,62.8,27,340,6452.0,7.74,0.77,3.58,184,10745,2233,Normal year,0.0501,47.14,2.422,5.787,0,0,963.7,Neutral
2008,Egypt,109306,38.3,46.5,26,311,4929.0,4.73,0.88,4.0,216,6941,1957,Normal year,-0.0197,41.17,2.379,4.509,0,0,635.01,Positive
2009,Egypt,103379,40.0,38.8,54,613,13762.0,6.5,0.87,3.93,111,9485,2289,H1N1 flu precautions,-0.0542,39.58,5.223,13.312,0,0,917.5,Neutral
2010,Egypt,95644,43.3,21.1,13,387,5020.0,3.89,0.9,4.36,206,8745,2283,Normal year,-0.0748,35.53,1.359,5.249,0,0,914.33,Positive
2011,Egypt,97680,44.7,64.5,9,472,3804.0,4.48,0.93,2.21,108,9884,1825,Normal year,0.0213,51.63,0.921,3.894,0,0,1011.88,Negative
2012,Egypt,103584,43.5,32.0,24,388,8066.0,2.74,0.68,4.44,188,3645,1978,MERS cases in Saudi Arabia,0.0604,39.48,2.317,7.787,0,0,351.89,Positive
2013,Egypt,79872,47.4,41.5,9,221,2490.0,2.63,0.84,2.11,80,6169,1733,Normal year,-0.2289,45.33,1.127,3.117,0,0,772.36,Negative
2014,Egypt,88611,46.5,62.5,10,298,5177.0,3.44,0.73,4.06,222,7139,2072,Normal year,0.1094,52.1,1.129,5.842,0,0,805.66,Positive
2015,Egypt,108945,45.3,28.3,287,323,41635.0,9.83,0.91,2.89,207,10584,2455,"Mina stampede – 2,400+ deaths; crane collapse",0.2295,39.35,26.344,38.217,1,0,971.5,Negative
2016,Egypt,85460,42.9,41.1,14,245,4553.0,3.81,0.89,3.88,219,5217,1535,Normal year,-0.2156,42.27,1.638,5.328,0,0,610.46,Neutral
2017,Egypt,98525,41.7,51.2,23,459,3546.0,2.61,0.9,3.7,215,5643,1981,Normal year,0.1529,45.03,2.334,3.599,0,0,572.75,Neutral
2018,Egypt,117742,40.6,29.9,23,597,6282.0,2.56,0.68,5.0,159,9906,2186,Normal year,0.195,36.85,1.953,5.335,0,0,841.33,Positive
2019,Egypt,103508,43.0,48.6,25,578,4714.0,9.41,0.9,4.34,230,8491,2252,Normal year,-0.1209,44.96,2.415,4.554,0,0,820.32,Positive
2020,Egypt,10,39.1,18.8,0,0,0.0,0.58,0.09,2.23,220,11474,0,"COVID restrictions, minimal pilgrims",-0.9999,32.0,0.0,0.0,0,1,11474000.0,Negative
2021,Egypt,66,38.5,21.8,0,0,2.0,1.41,0.1,3.05,166,5671,1,COVID – vaccinated pilgrims only,5.6,32.66,0.0,3.03,0,1,859242.42,Neutral
2022,Egypt,66156,43.3,33.7,7,387,1032.0,3.49,0.93,4.03,193,10300,1387,Normal year,1001.3636,39.94,1.058,1.56,0,0,1556.93,Positive
2023,Egypt,114483,43.2,51.3,23,673,3669.0,2.77,0.93,4.92,217,11359,2627,Normal year,0.7305,46.04,2.009,3.205,0,0,992.2,Positive
2024,Egypt,120354,48.5,18.9,203,710,18669.0,9.35,0.74,3.17,228,9377,2185,"Record heat wave 51°C – 1,300+ deaths",0.0513,38.14,16.867,15.512,1,0,779.12,Neutral
2025,Egypt,102436,47.6,33.1,21,400,2883.0,4.45,0.97,4.36,262,12346,1869,Normal year,-0.1489,42.52,2.05,2.814,0,0,1205.24,Positive
2000,India,177776,42.5,40.5,35,863,6067.0,7.11,0.86,,176,8071,3887,Normal year,,41.8,1.969,3.413,0,0,454.0,Unknown
2001,India,163782,40.2,43.8,28,896,2399.0,9.42,0.86,4.25,120,3825,3575,Post 9/11 security heightened,-0.0787,41.46,1.71,1.465,0,0,233.54,Positive
2002,India,169606,38.0,58.0,16,492,10012.0,6.82,0.98,3.3,136,11501,3538,Normal year,0.0356,45.0,0.943,5.903,0,0,678.1,Neutral
2003,India,151824,38.2,62.8,13,646,6997.0,8.15,0.99,3.44,204,6022,2654,Normal year,-0.1048,46.81,0.856,4.609,0,0,396.64,Neutral
2004,India,180491,38.7,28.0,32,792,4110.0,8.54,0.72,3.81,104,9037,3378,Normal year,0.1888,34.96,1.773,2.277,0,0,500.69,Neutral
2005,India,207837,38.4,25.8,48,1126,3740.0,8.69,0.8,2.01,123,4155,3676,Normal year,0.1515,33.99,2.31,1.799,0,0,199.92,Negative
2006,India,168156,39.0,60.7,293,576,26718.0,4.06,0.93,2.42,135,2945,4169,Mina stampede – 346 deaths,-0.1909,46.6,17.424,15.889,1,0,175.13,Negative
2007,India,183794,40.7,50.5,29,597,7694.0,3.91,0.67,4.86,148,3101,3236,Normal year,0.093,44.13,1.578,4.186,0,0,168.72,Positive
2008,India,175566,40.5,64.2,37,441,3657.0,8.21,0.84,2.46,167,6651,3506,Normal year,-0.0448,48.8,2.107,2.083,0,0,378.83,Negative
2009,India,173457,40.9,55.6,83,682,21982.0,5.43,0.81,4.75,129,10901,3633,H1N1 flu precautions,-0.012,46.04,4.785,12.673,0,0,628.46,Positive
2010,India,208241,43.2,35.6,28,912,5760.0,8.04,0.75,2.64,83,6119,4053,Normal year,0.2005,40.54,1.345,2.766,0,0,293.84,Negative
2011,India,195352,44.8,38.7,23,809,8201.0,3.43,0.91,4.48,187,10215,3283,Normal year,-0.0619,42.66,1.177,4.198,0,0,522.9,Positive
2012,India,190358,43.8,43.7,42,1115,13478.0,8.08,0.85,4.04,171,6311,3574,MERS cases in Saudi Arabia,-0.0256,43.76,2.206,7.08,0,0,331.53,Positive
2013,India,145845,47.1,43.1,30,517,4148.0,6.93,0.92,2.53,233,3979,2836,Normal year,-0.2338,45.7,2.057,2.844,0,0,272.82,Negative
2014,India,147090,47.5,34.0,33,628,6731.0,7.94,0.67,2.74,223,6374,2957,Normal year,0.0085,42.78,2.244,4.576,0,0,433.34,Negative
2015,India,215794,45.6,21.9,442,1150,55961.0,8.94,0.88,2.19,190,6486,4248,"Mina stampede – 2,400+ deaths; crane collapse",0.4671,37.3,20.482,25.933,1,0,300.56,Negative
2016,India,140529,42.9,60.7,13,699,5460.0,5.36,0.96,3.33,203,7021,2456,Normal year,-0.3488,49.13,0.925,3.885,0,0,499.61,Neutral
2017,India,195146,44.2,34.1,42,977,7340.0,7.88,0.69,3.69,175,10333,4050,Normal year,0.3887,40.67,2.152,3.761,0,0,529.5,Neutral
2018,India,190131,42.1,38.8,19,1044,7846.0,2.71,0.67,2.46,186,11245,3828,Normal year,-0.0257,40.94,0.999,4.127,0,0,591.43,Negative
2019,India,217876,42.6,38.7,41,638,6452.0,7.48,0.91,2.6,180,8618,4793,Normal year,0.1459,41.24,1.882,2.961,0,0,395.55,Negative
2020,India,19,40.9,56.2,0,0,0.0,2.41,0.05,4.96,224,12578,0,"COVID restrictions, minimal pilgrims",-0.9999,46.26,0.0,0.0,0,1,6620000.0,Positive
2021,India,133,38.1,30.6,0,0,8.0,1.85,0.04,4.65,189,10521,2,COVID – vaccinated pilgrims only,6.0,35.48,0.0,6.015,0,1,791052.63,Positive
2022,India,113133,43.2,39.9,17,497,1755.0,9.02,0.86,4.7,253,8378,1895,Normal year,849.6241,42.04,1.503,1.551,0,0,740.54,Positive
2023,India,181788,45.7,39.8,39,733,3287.0,5.27,0.8,4.21,245,9242,3092,Normal year,0.6069,43.64,2.145,1.808,0,0,508.39,Positive
2024,India,169712,50.9,59.4,197,1011,78838.0,9.41,0.74,2.6,200,17371,3073,"Record heat wave 51°C – 1,300+ deaths",-0.0664,53.88,11.608,46.454,1,0,1023.56,Negative
2025,India,210719,46.6,28.4,49,915,7828.0,8.28,0.79,3.56,290,12345,4968,Normal year,0.2416,40.23,2.325,3.715,0,0,585.85,Neutral
2000,Indonesia,248133,42.8,26.8,21,798,2399.0,7.45,0.88,3.42,238,4250,4253,Normal year,,37.2,0.846,0.967,0,0,171.28,Neutral
2001,Indonesia,207686,41.9,41.0,49,1034,11373.0,5.39,0.79,3.37,224,8504,3529,Post 9/11 security heightened,-0.163,41.58,2.359,5.476,0,0,409.46,Neutral
2002,Indonesia,236041,39.8,28.4,52,1297,5688.0,6.81,0.75,4.18,109,9287,5110,Normal year,0.1365,35.81,2.203,2.41,0,0,393.45,Positive
2003,Indonesia,171782,37.6,29.6,27,735,2399.0,2.85,0.85,,180,2924,3126,Normal year,-0.2722,34.8,1.572,1.397,0,0,170.22,Unknown
2004,Indonesia,250953,38.9,20.8,52,1466,12147.0,4.58,0.81,3.34,104,5253,5275,Normal year,0.4609,32.56,2.072,4.84,0,0,209.32,Neutral
2005,Indonesia,238372,38.5,35.6,32,1403,6116.0,9.28,0.9,2.83,167,8709,5361,Normal year,-0.0501,37.48,1.342,2.566,0,0,365.35,Negative
2006,Indonesia,216537,37.3,51.1,319,1140,14021.0,5.51,0.93,2.95,124,10487,4627,Mina stampede – 346 deaths,-0.0916,42.13,14.732,6.475,1,0,484.31,Negative
2007,Indonesia,235235,39.6,22.2,39,1274,7991.0,2.48,0.95,4.62,204,6771,5878,Normal year,0.0864,33.51,1.658,3.397,0,0,287.84,Positive
2008,Indonesia,243069,39.6,32.2,56,1129,8986.0,7.08,0.81,2.45,96,4779,4198,Normal year,0.0333,37.01,2.304,3.697,0,0,196.61,Negative
2009,Indonesia,193377,39.3,39.7,56,570,13622.0,6.2,0.81,3.47,139,4576,3678,H1N1 flu precautions,-0.2044,39.44,2.896,7.044,0,0,236.64,Neutral
2010,Indonesia,219784,43.0,54.0,33,740,9971.0,7.27,0.71,3.19,172,10518,5351,Normal year,0.1366,46.85,1.501,4.537,0,0,478.56,Neutral
2011,Indonesia,228381,42.1,55.7,50,1167,8482.0,8.86,0.69,4.56,229,11333,4163,Normal year,0.0391,46.86,2.189,3.714,0,0,496.23,Positive
2012,Indonesia,262726,43.7,36.1,55,1353,32311.0,7.12,0.7,2.07,125,6672,4826,MERS cases in Saudi Arabia,0.1504,41.04,2.093,12.298,0,0,253.95,Negative
2013,Indonesia,184660,44.6,52.6,37,965,7874.0,6.13,0.85,2.08,132,4678,3966,Normal year,-0.2971,47.4,2.004,4.264,0,0,253.33,Negative
2014,Indonesia,187327,46.3,26.8,25,941,9026.0,2.92,0.92,4.61,149,11441,3633,Normal year,0.0144,39.47,1.335,4.818,0,0,610.75,Positive
2015,Indonesia,294129,47.4,23.1,796,1008,102384.0,8.99,0.8,2.06,185,7388,6379,"Mina stampede – 2,400+ deaths; crane collapse",0.5701,38.89,27.063,34.809,1,0,251.18,Negative
2016,Indonesia,194285,44.8,57.9,15,858,5221.0,8.11,0.86,3.86,190,8358,4000,Normal year,-0.3395,49.38,0.772,2.687,0,0,430.19,Neutral
2017,Indonesia,244856,43.5,51.7,30,1359,8016.0,3.76,0.73,4.35,195,13492,5206,Normal year,0.2603,46.37,1.225,3.274,0,0,551.02,Positive
2018,Indonesia,263788,40.5,40.2,53,1285,14381.0,7.26,0.83,3.32,248,7929,4885,Normal year,0.0773,40.39,2.009,5.452,0,0,300.58,Neutral
2019,Indonesia,246329,42.7,58.8,30,681,6390.0,5.26,0.68,2.85,215,8811,5617,Normal year,-0.0662,48.34,1.218,2.594,0,0,357.69,Negative
2020,Indonesia,23,39.5,42.1,0,0,0.0,0.84,0.04,4.69,205,9715,0,"COVID restrictions, minimal pilgrims",-0.9999,40.41,0.0,0.0,0,1,4223913.04,Positive
2021,Indonesia,145,41.5,42.8,0,0,7.0,1.08,0.04,2.56,229,5410,2,COVID – vaccinated pilgrims only,5.3043,41.96,0.0,4.828,0,1,373103.45,Negative
2022,Indonesia,126330,43.2,59.7,21,709,3345.0,7.33,0.75,4.98,140,12670,2756,Normal year,870.2414,48.98,1.662,2.648,0,0,1002.93,Positive
2023,Indonesia,237732,45.2,36.0,37,700,8964.0,9.26,0.73,4.3,259,8943,5587,Normal year,0.8818,41.98,1.556,3.771,0,0,376.18,Positive
2024,Indonesia,266433,47.1,22.5,214,1389,36634.0,9.19,0.98,2.56,276,12687,4738,"Record heat wave 51°C – 1,300+ deaths",0.1207,38.49,8.032,13.75,1,0,476.18,Negative
2025,Indonesia,251260,46.5,25.8,55,1330,4825.0,3.5,0.89,4.63,221,12577,6222,Normal year,-0.0569,39.26,2.189,1.92,0,0,500.56,Positive
2000,Iran,95833,43.8,55.1,23,411,3149.0,3.64,0.78,3.01,127,3556,1692,Normal year,,47.76,2.4,3.286,0,0,371.06,Neutral
2001,Iran,84019,42.6,28.5,12,316,5426.0,8.68,0.73,4.09,217,6406,1433,Post 9/11 security heightened,-0.1233,37.66,1.428,6.458,0,0,762.45,Positive
2002,Iran,77762,38.9,29.8,7,428,3302.0,3.18,0.82,4.78,236,7558,1448,Normal year,-0.0745,35.72,0.9,4.246,0,0,971.94,Positive
2003,Iran,66804,39.1,56.0,12,208,1233.0,6.62,0.89,4.23,166,8763,1155,Normal year,-0.1409,45.02,1.796,1.846,0,0,1311.75,Positive
2004,Iran,84376,38.5,43.2,20,272,1298.0,8.51,0.96,3.18,145,6177,1525,Normal year,0.263,40.15,2.37,1.538,0,0,732.08,Neutral
2005,Iran,95486,37.7,31.2,10,483,5722.0,3.07,0.75,4.47,189,6076,2108,Normal year,0.1317,35.43,1.047,5.993,0,0,636.32,Positive
2006,Iran,89292,39.4,40.1,91,337,22088.0,2.03,0.81,2.61,108,6949,1545,Mina stampede – 346 deaths,-0.0649,39.64,10.191,24.737,1,0,778.23,Negative
2007,Iran,84981,38.9,22.3,17,396,3095.0,3.92,0.98,3.58,203,8255,1719,Normal year,-0.0483,33.09,2.0,3.642,0,0,971.39,Neutral
2008,Iran,83119,39.0,52.7,15,357,3462.0,3.21,0.84,4.28,141,3118,1919,Normal year,-0.0219,43.8,1.805,4.165,0,0,375.12,Positive
2009,Iran,87981,42.8,45.7,25,280,10309.0,8.1,0.91,3.22,194,9040,1706,H1N1 flu precautions,0.0585,43.82,2.842,11.717,0,0,1027.49,Neutral
2010,Iran,80795,43.4,46.1,8,244,1942.0,9.01,0.8,4.02,165,10941,1443,Normal year,-0.0817,44.34,0.99,2.404,0,0,1354.17,Positive
2011,Iran,101587,43.9,51.0,19,404,2474.0,7.13,0.93,4.1,151,11155,1798,Normal year,0.2573,46.38,1.87,2.435,0,0,1098.07,Positive
2012,Iran,81653,46.2,39.9,18,292,3899.0,6.18,0.9,3.36,106,10349,1522,MERS cases in Saudi Arabia,-0.1962,44.0,2.204,4.775,0,0,1267.44,Neutral
2013,Iran,68442,45.5,29.0,14,392,2468.0,5.46,0.88,3.15,211,5923,1464,Normal year,-0.1618,39.72,2.046,3.606,0,0,865.4,Neutral
2014,Iran,63154,48.6,37.4,9,280,1482.0,7.48,0.83,2.91,119,10059,1318,Normal year,-0.0773,44.68,1.425,2.347,0,0,1592.77,Negative
2015,Iran,91167,44.2,50.5,113,319,20003.0,8.88,0.99,1.54,202,8356,2127,"Mina stampede – 2,400+ deaths; crane collapse",0.4436,46.4,12.395,21.941,1,0,916.56,Negative
2016,Iran,62556,42.5,47.9,14,159,1863.0,5.68,0.89,3.84,206,6879,1319,Normal year,-0.3138,44.39,2.238,2.978,0,0,1099.65,Neutral
2017,Iran,81477,43.1,57.0,9,401,3914.0,3.89,0.68,4.88,146,8849,1660,Normal year,0.3025,47.96,1.105,4.804,0,0,1086.07,Positive
2018,Iran,89637,43.6,40.5,10,429,2206.0,4.55,0.71,3.74,231,10327,1871,Normal year,0.1002,42.52,1.116,2.461,0,0,1152.09,Neutral
2019,Iran,92564,42.9,43.3,17,364,5021.0,8.04,0.78,2.71,154,12692,1832,Normal year,0.0327,43.04,1.837,5.424,0,0,1371.16,Negative
2020,Iran,11,42.7,45.8,0,0,0.0,1.88,0.03,3.25,255,13671,0,"COVID restrictions, minimal pilgrims",-0.9999,43.78,0.0,0.0,0,1,12428181.82,Neutral
2021,Iran,53,39.2,20.7,0,0,1.0,1.49,0.06,3.05,191,8104,0,COVID – vaccinated pilgrims only,3.8182,32.72,0.0,1.887,0,1,1529056.6,Neutral
2022,Iran,46398,44.3,32.6,8,148,1956.0,3.22,0.9,3.88,203,11427,905,Normal year,874.434,40.2,1.724,4.216,0,0,2462.82,Neutral
2023,Iran,94446,45.4,25.4,20,445,1961.0,3.87,0.98,4.58,262,8781,1934,Normal year,1.0356,38.4,2.118,2.076,0,0,929.74,Positive
2024,Iran,102430,49.9,51.8,220,495,16042.0,9.78,0.89,1.85,217,12203,1709,"Record heat wave 51°C – 1,300+ deaths",0.0845,50.56,21.478,15.661,1,0,1191.35,Negative
2025,Iran,84507,46.9,43.9,20,491,1704.0,6.26,0.99,4.53,311,14270,1588,Normal year,-0.175,45.85,2.367,2.016,0,0,1688.62,Positive
2000,Iraq,43939,42.2,26.1,3,172,863.0,5.94,0.81,3.23,153,11136,774,Normal year,,36.57,0.683,1.964,0,0,2534.42,Neutral
2001,Iraq,35971,40.1,62.7,10,178,2399.0,4.11,0.9,2.9,85,7826,742,Post 9/11 security heightened,-0.1813,48.01,2.78,6.669,0,0,2175.64,Negative
2002,Iraq,39801,38.7,18.8,5,197,998.0,4.06,0.81,2.61,174,8762,937,Normal year,0.1065,31.74,1.256,2.507,0,0,2201.45,Negative
2003,Iraq,32490,37.4,56.7,4,184,1807.0,7.95,0.98,3.34,232,7407,762,Normal year,-0.1837,44.16,1.231,5.562,0,0,2279.78,Neutral
2004,Iraq,43965,39.6,28.0,6,142,942.0,8.47,0.78,4.51,82,10177,797,Normal year,0.3532,35.54,1.365,2.143,0,0,2314.8,Positive
2005,Iraq,48094,38.5,45.5,6,271,1698.0,6.6,0.81,4.44,155,5756,905,Normal year,0.0939,40.95,1.248,3.531,0,0,1196.82,Positive
2006,Iraq,43898,39.4,46.4,52,197,3326.0,4.4,0.91,,107,2868,1081,Mina stampede – 346 deaths,-0.0872,41.85,11.846,7.577,1,0,653.33,Unknown
2007,Iraq,40732,37.1,58.1,5,233,1113.0,9.2,0.82,3.15,235,8808,785,Normal year,-0.0721,44.45,1.228,2.732,0,0,2162.43,Neutral
2008,Iraq,45723,40.0,46.6,7,198,2212.0,2.13,0.75,3.96,83,2036,923,Normal year,0.1225,42.31,1.531,4.838,0,0,445.29,Neutral
2009,Iraq,38212,43.0,56.1,12,115,3548.0,9.22,0.98,2.88,225,9428,813,H1N1 flu precautions,-0.1643,47.58,3.14,9.285,0,0,2467.29,Negative
2010,Iraq,46610,44.9,62.6,10,271,1129.0,4.39,0.95,2.17,183,9559,894,Normal year,0.2198,51.1,2.145,2.422,0,0,2050.85,Negative
2011,Iraq,48795,42.2,61.6,7,214,1382.0,7.94,0.93,4.28,146,7302,860,Normal year,0.0469,48.99,1.435,2.832,0,0,1496.46,Positive
2012,Iraq,46094,45.1,21.1,14,135,2028.0,4.21,0.76,4.69,210,9931,1067,MERS cases in Saudi Arabia,-0.0554,36.7,3.037,4.4,0,0,2154.51,Positive
2013,Iraq,38556,44.4,38.5,4,123,827.0,3.46,0.84,2.13,173,4519,850,Normal year,-0.1635,42.34,1.037,2.145,0,0,1172.06,Negative
2014,Iraq,32595,47.2,19.2,3,190,1763.0,3.14,0.93,2.89,202,2783,566,Normal year,-0.1546,37.4,0.92,5.409,0,0,853.81,Negative
2015,Iraq,43232,45.7,41.9,98,168,7783.0,7.65,0.65,2.65,157,6964,998,"Mina stampede – 2,400+ deaths; crane collapse",0.3263,44.37,22.668,18.003,1,0,1610.84,Negative
2016,Iraq,30065,42.1,62.9,3,172,828.0,7.35,0.74,3.89,225,8335,659,Normal year,-0.3046,49.38,0.998,2.754,0,0,2772.33,Neutral
2017,Iraq,45348,44.0,60.3,9,179,708.0,6.74,0.95,2.28,143,11132,790,Normal year,0.5083,49.7,1.985,1.561,0,0,2454.79,Negative
2018,Iraq,43561,42.6,44.6,8,119,2307.0,7.59,0.88,4.67,186,9175,841,Normal year,-0.0394,43.3,1.837,5.296,0,0,2106.24,Positive
2019,Iraq,49577,43.3,21.7,11,156,1206.0,2.9,0.68,4.67,171,11674,887,Normal year,0.1381,35.74,2.219,2.433,0,0,2354.72,Positive
2020,Iraq,4,39.4,21.7,0,0,0.0,2.09,0.08,2.9,175,9715,0,"COVID restrictions, minimal pilgrims",-0.9999,33.2,0.0,0.0,0,1,24287500.0,Negative
2021,Iraq,31,42.0,27.4,0,0,0.0,2.29,0.05,4.16,235,13024,0,COVID – vaccinated pilgrims only,6.75,36.89,0.0,0.0,0,1,4201290.32,Positive
2022,Iraq,23947,43.5,56.8,2,61,451.0,3.72,0.94,4.66,147,12238,568,Normal year,771.4839,48.16,0.835,1.883,0,0,5110.45,Positive
2023,Iraq,45658,43.5,25.4,6,259,1833.0,3.87,0.98,3.62,220,11270,869,Normal year,0.9066,37.16,1.314,4.015,0,0,2468.35,Neutral
2024,Iraq,44877,50.6,63.7,82,127,11320.0,8.24,0.7,2.66,272,11575,966,"Record heat wave 51°C – 1,300+ deaths",-0.0171,55.18,18.272,25.225,1,0,2579.27,Negative
2025,Iraq,52351,48.2,21.0,13,262,2872.0,5.76,0.89,4.14,239,9707,1018,Normal year,0.1665,38.68,2.483,5.486,0,0,1854.21,Positive
2000,Kazakhstan,24193,41.4,55.4,4,123,642.0,6.57,0.97,4.22,198,4315,492,Normal year,,46.3,1.653,2.654,0,0,1783.57,Positive
2001,Kazakhstan,22877,42.1,32.1,9,67,1151.0,7.59,0.82,2.89,143,5855,563,Post 9/11 security heightened,-0.0544,38.6,3.934,5.031,0,0,2559.34,Negative
2002,Kazakhstan,27541,39.4,58.1,4,160,1048.0,4.94,0.74,3.6,106,9644,539,Normal year,0.2039,45.94,1.452,3.805,0,0,3501.69,Neutral
2003,Kazakhstan,20828,39.2,40.1,5,77,2399.0,6.27,0.95,4.47,151,4764,477,Normal year,-0.2437,39.52,2.401,11.518,0,0,2287.31,Positive
2004,Kazakhstan,26397,39.2,42.8,5,123,805.0,2.12,0.74,2.42,106,2481,507,Normal year,0.2674,40.46,1.894,3.05,0,0,939.88,Negative
2005,Kazakhstan,30213,38.5,34.0,5,94,1227.0,6.41,0.99,4.74,127,7553,734,Normal year,0.1446,36.92,1.655,4.061,0,0,2499.92,Positive
2006,Kazakhstan,25479,39.6,26.4,39,125,5934.0,5.64,0.95,3.04,171,3091,487,Mina stampede – 346 deaths,-0.1567,34.98,15.307,23.29,1,0,1213.16,Neutral
2007,Kazakhstan,25689,40.3,50.2,3,110,1310.0,6.94,0.93,3.68,120,9520,486,Normal year,0.0082,43.76,1.168,5.099,0,0,3705.87,Neutral
2008,Kazakhstan,27276,38.2,55.8,4,87,940.0,2.74,0.98,4.39,193,5955,502,Normal year,0.0618,44.36,1.466,3.446,0,0,2183.24,Positive
2009,Kazakhstan,24755,42.5,50.5,5,141,3877.0,8.36,0.92,2.76,164,5850,452,H1N1 flu precautions,-0.0924,45.3,2.02,15.661,0,0,2363.16,Negative
2010,Kazakhstan,23765,43.9,63.7,5,85,963.0,5.65,0.83,3.11,163,7276,433,Normal year,-0.04,50.83,2.104,4.052,0,0,3061.65,Neutral
2011,Kazakhstan,28665,42.1,20.1,5,119,1165.0,2.55,0.65,2.52,219,6651,528,Normal year,0.2062,34.4,1.744,4.064,0,0,2320.25,Negative
2012,Kazakhstan,27795,46.4,39.4,10,117,1244.0,6.17,0.98,3.86,161,6349,588,MERS cases in Saudi Arabia,-0.0304,43.95,3.598,4.476,0,0,2284.22,Neutral
2013,Kazakhstan,21585,47.1,29.5,4,72,654.0,2.07,0.96,2.75,207,6192,397,Normal year,-0.2234,40.94,1.853,3.03,0,0,2868.66,Negative
2014,Kazakhstan,19466,48.1,25.6,4,116,623.0,8.76,0.65,3.04,108,3211,372,Normal year,-0.0982,40.22,2.055,3.2,0,0,1649.54,Neutral
2015,Kazakhstan,26260,44.1,18.1,34,69,7747.0,9.49,0.91,1.95,138,6907,595,"Mina stampede – 2,400+ deaths; crane collapse",0.349,35.0,12.947,29.501,1,0,2630.24,Negative
2016,Kazakhstan,21551,42.7,37.3,2,115,766.0,8.18,0.74,2.25,198,13537,369,Normal year,-0.1793,40.81,0.928,3.554,0,0,6281.38,Negative
2017,Kazakhstan,23686,43.9,30.2,4,136,1364.0,4.16,0.74,4.25,200,13896,396,Normal year,0.0991,39.1,1.689,5.759,0,0,5866.76,Positive
2018,Kazakhstan,25715,41.1,51.0,4,136,971.0,2.36,0.73,3.01,246,5917,491,Normal year,0.0857,44.56,1.556,3.776,0,0,2300.99,Neutral
2019,Kazakhstan,30359,41.2,24.4,3,171,1344.0,6.95,0.94,4.95,234,9454,669,Normal year,0.1806,35.32,0.988,4.427,0,0,3114.07,Positive
2020,Kazakhstan,3,40.1,24.3,0,0,0.0,1.22,0.09,2.17,176,9787,0,"COVID restrictions, minimal pilgrims",-0.9999,34.57,0.0,0.0,0,1,32623333.33,Negative
2021,Kazakhstan,19,40.8,32.2,0,0,0.0,0.99,0.09,2.94,193,8440,0,COVID – vaccinated pilgrims only,5.3333,37.79,0.0,0.0,0,1,4442105.26,Negative
2022,Kazakhstan,16057,41.1,27.4,3,87,581.0,6.01,0.99,3.95,248,5171,297,Normal year,844.1053,36.3,1.868,3.618,0,0,3220.4,Neutral
2023,Kazakhstan,27751,46.6,25.7,2,71,855.0,2.84,0.9,4.09,299,12251,498,Normal year,0.7283,39.29,0.721,3.081,0,0,4414.62,Positive
2024,Kazakhstan,27548,48.2,50.4,48,151,4959.0,8.82,0.72,1.97,230,15504,616,"Record heat wave 51°C – 1,300+ deaths",-0.0073,48.97,17.424,18.001,1,0,5627.99,Negative
2025,Kazakhstan,25289,46.3,23.8,2,109,476.0,9.17,0.83,4.87,217,13112,572,Normal year,-0.082,38.42,0.791,1.882,0,0,5184.86,Positive
2000,Libya,23792,41.3,47.0,5,124,1284.0,9.1,0.8,2.29,177,7332,427,Normal year,,43.3,2.102,5.397,0,0,3081.71,Negative
2001,Libya,17019,40.0,54.3,4,96,352.0,2.14,0.95,4.67,114,9719,338,Post 9/11 security heightened,-0.2847,45.0,2.35,2.068,0,0,5710.68,Positive
2002,Libya,20536,40.2,44.9,2,103,910.0,2.56,0.99,4.63,217,5311,371,Normal year,0.2067,41.84,0.974,4.431,0,0,2586.19,Positive
2003,Libya,19018,37.2,51.4,1,105,434.0,3.33,0.77,2.3,138,3699,373,Normal year,-0.0739,42.17,0.526,2.282,0,0,1945.0,Negative
2004,Libya,18792,38.4,26.5,2,89,657.0,8.08,0.89,3.73,109,11747,433,Normal year,-0.0119,34.24,1.064,3.496,0,0,6251.06,Neutral
2005,Libya,21294,38.4,49.0,2,108,1218.0,3.22,0.81,2.7,164,10224,435,Normal year,0.1331,42.11,0.939,5.72,0,0,4801.35,Negative
2006,Libya,18284,37.8,49.1,29,106,2680.0,6.91,0.96,3.63,138,2787,352,Mina stampede – 346 deaths,-0.1414,41.76,15.861,14.658,1,0,1524.28,Neutral
2007,Libya,21114,39.1,38.4,4,81,411.0,7.21,0.73,2.62,195,9940,354,Normal year,0.1548,38.86,1.894,1.947,0,0,4707.78,Negative
2008,Libya,21161,39.2,35.5,2,113,1227.0,7.39,0.69,2.34,195,4165,371,Normal year,0.0022,37.9,0.945,5.798,0,0,1968.24,Negative
2009,Libya,20093,41.6,56.2,4,56,2473.0,6.64,0.86,2.34,220,11803,398,H1N1 flu precautions,-0.0505,46.71,1.991,12.308,0,0,5874.19,Negative
2010,Libya,23845,43.3,52.9,3,124,714.0,2.88,0.75,2.97,184,6607,554,Normal year,0.1867,46.66,1.258,2.994,0,0,2770.81,Negative
2011,Libya,22409,43.3,64.4,2,129,1182.0,3.75,0.71,4.84,199,7932,445,Normal year,-0.0602,50.68,0.892,5.275,0,0,3539.65,Positive
2012,Libya,23313,43.8,47.9,7,104,2632.0,8.82,0.89,4.59,136,10300,442,MERS cases in Saudi Arabia,0.0403,45.24,3.003,11.29,0,0,4418.14,Positive
2013,Libya,15197,45.8,42.6,2,43,901.0,9.41,0.85,2.87,225,9091,344,Normal year,-0.3481,44.68,1.316,5.929,0,0,5982.1,Negative
2014,Libya,15169,45.9,52.8,1,82,512.0,2.76,0.82,3.24,100,7956,266,Normal year,-0.0018,48.32,0.659,3.375,0,0,5244.91,Neutral
2015,Libya,23256,46.2,33.4,22,63,4822.0,9.83,0.87,1.61,152,3131,495,"Mina stampede – 2,400+ deaths; crane collapse",0.5331,41.72,9.46,20.734,1,0,1346.32,Negative
2016,Libya,14219,43.1,64.6,3,73,222.0,5.64,0.69,3.05,192,10600,279,Normal year,-0.3886,50.62,2.11,1.561,0,0,7454.81,Neutral
2017,Libya,22981,43.1,20.0,5,120,567.0,8.22,0.97,3.54,231,13329,431,Normal year,0.6162,35.02,2.176,2.467,0,0,5800.01,Neutral
2018,Libya,19287,43.8,61.7,1,74,568.0,4.19,0.95,2.2,220,11187,332,Normal year,-0.1607,50.06,0.518,2.945,0,0,5800.28,Negative
2019,Libya,23952,41.2,39.3,5,119,397.0,5.66,0.79,4.98,164,8579,507,Normal year,0.2419,40.53,2.088,1.657,0,0,3581.75,Positive
2020,Libya,2,40.1,20.9,0,0,0.0,0.69,0.03,3.6,165,12300,0,"COVID restrictions, minimal pilgrims",-0.9999,33.38,0.0,0.0,0,1,61500000.0,Neutral
2021,Libya,14,38.1,45.4,0,0,0.0,2.12,0.02,2.4,152,13927,0,COVID – vaccinated pilgrims only,6.0,40.66,0.0,0.0,0,1,9947857.14,Negative
2022,Libya,10834,43.8,22.8,1,53,596.0,6.66,0.79,3.78,148,6117,269,Normal year,772.8571,36.45,0.923,5.501,0,0,5646.11,Neutral
2023,Libya,23942,46.8,26.1,2,75,547.0,6.58,0.72,3.82,277,7409,494,Normal year,1.2099,39.56,0.835,2.285,0,0,3094.56,Neutral
2024,Libya,22330,49.1,41.6,45,94,9757.0,7.53,0.88,2.25,246,9249,465,"Record heat wave 51°C – 1,300+ deaths",-0.0673,46.48,20.152,43.695,1,0,4141.96,Negative
2025,Libya,23001,47.8,39.1,4,76,687.0,7.32,0.66,4.95,231,11760,437,Normal year,0.03,44.76,1.739,2.987,0,0,5112.82,Positive
2000,Malaysia,76877,40.8,46.7,12,358,1637.0,5.08,0.91,4.82,146,9816,1677,Normal year,,42.86,1.561,2.129,0,0,1276.84,Positive
2001,Malaysia,64769,39.0,38.5,25,219,1520.0,4.34,0.89,2.55,113,3589,1131,Post 9/11 security heightened,-0.1575,38.83,3.86,2.347,0,0,554.12,Negative
2002,Malaysia,60121,38.7,41.6,14,171,2715.0,7.13,0.72,2.14,143,8721,1262,Normal year,-0.0718,39.72,2.329,4.516,0,0,1450.57,Negative
2003,Malaysia,57279,38.9,35.5,5,210,1123.0,5.5,0.87,2.25,86,2489,1355,Normal year,-0.0473,37.71,0.873,1.961,0,0,434.54,Negative
2004,Malaysia,66180,39.8,22.2,13,219,2399.0,3.05,0.76,2.78,178,10931,1628,Normal year,0.1554,33.64,1.964,3.625,0,0,1651.71,Negative
2005,Malaysia,71534,38.3,49.0,17,203,1415.0,2.28,0.71,4.19,201,8831,1517,Normal year,0.0809,42.04,2.376,1.978,0,0,1234.52,Positive
2006,Malaysia,70152,38.2,60.2,90,268,14695.0,5.47,0.85,3.12,191,3603,1289,Mina stampede – 346 deaths,-0.0193,45.9,12.829,20.947,1,0,513.6,Neutral
2007,Malaysia,72481,41.0,51.5,8,212,2771.0,7.72,0.82,4.34,228,11210,1331,Normal year,0.0332,44.68,1.104,3.823,0,0,1546.61,Positive
2008,Malaysia,71053,40.2,21.9,16,305,2677.0,6.95,0.76,2.98,111,9844,1530,Normal year,-0.0197,33.8,2.252,3.768,0,0,1385.44,Negative
2009,Malaysia,60442,41.0,58.2,22,184,6152.0,8.63,0.98,2.38,172,3516,1358,H1N1 flu precautions,-0.1493,47.02,3.64,10.178,0,0,581.71,Negative
2010,Malaysia,72650,43.6,39.1,10,376,3755.0,6.32,0.94,2.14,90,10631,1248,Normal year,0.202,42.03,1.376,5.169,0,0,1463.32,Negative
2011,Malaysia,78533,45.1,52.4,7,438,3645.0,3.05,0.83,4.62,145,2013,1943,Normal year,0.081,47.66,0.891,4.641,0,0,256.33,Positive
2012,Malaysia,72944,46.8,41.7,14,408,5960.0,5.23,0.76,3.6,91,2775,1614,MERS cases in Saudi Arabia,-0.0712,45.02,1.919,8.171,0,0,380.43,Neutral
2013,Malaysia,54442,45.0,63.3,11,174,1866.0,8.78,0.83,4.26,125,8968,992,Normal year,-0.2536,51.4,2.02,3.428,0,0,1647.26,Positive
2014,Malaysia,59413,48.6,29.1,7,347,2399.0,6.98,0.99,4.94,220,4580,1127,Normal year,0.0913,41.78,1.178,4.038,0,0,770.88,Positive
2015,Malaysia,71191,45.4,60.5,102,221,25054.0,9.05,0.84,2.85,138,7973,1455,"Mina stampede – 2,400+ deaths; crane collapse",0.1982,50.68,14.328,35.193,1,0,1119.94,Negative
2016,Malaysia,56400,44.4,54.1,8,281,2212.0,4.17,0.92,3.25,155,10623,987,Normal year,-0.2078,47.8,1.418,3.922,0,0,1883.51,Neutral
2017,Malaysia,61671,43.9,18.3,10,163,3341.0,3.5,0.86,2.56,258,13280,1163,Normal year,0.0935,34.94,1.622,5.417,0,0,2153.36,Negative
2018,Malaysia,69647,41.9,41.3,15,196,3106.0,4.71,0.75,3.51,257,13443,1317,Normal year,0.1293,41.69,2.154,4.46,0,0,1930.16,Neutral
2019,Malaysia,68552,41.5,28.8,7,346,2936.0,3.53,0.79,2.06,180,5838,1471,Normal year,-0.0157,37.06,1.021,4.283,0,0,851.62,Negative
2020,Malaysia,7,41.4,42.5,0,0,0.0,1.05,0.06,2.97,204,11282,0,"COVID restrictions, minimal pilgrims",-0.9999,41.78,0.0,0.0,0,1,16117142.86,Negative
2021,Malaysia,51,41.9,19.8,0,0,0.0,0.54,0.05,4.05,230,7441,1,COVID – vaccinated pilgrims only,6.2857,34.16,0.0,0.0,0,1,1459019.61,Positive
2022,Malaysia,36394,42.7,62.1,5,182,1636.0,7.17,0.92,3.69,248,8622,812,Normal year,712.6078,49.49,1.374,4.495,0,0,2369.07,Neutral
2023,Malaysia,67587,45.7,40.4,11,239,2810.0,5.34,0.96,4.1,206,12346,1285,Normal year,0.8571,43.84,1.628,4.158,0,0,1826.68,Positive
2024,Malaysia,65166,47.2,41.0,69,228,18715.0,9.14,0.87,2.81,258,9128,1393,"Record heat wave 51°C – 1,300+ deaths",-0.0358,45.03,10.588,28.719,1,0,1400.73,Negative
2025,Malaysia,83946,48.6,32.7,16,407,4459.0,8.38,0.81,4.08,311,9341,1553,Normal year,0.2882,43.04,1.906,5.312,0,0,1112.74,Positive
2000,Morocco,77489,40.6,51.4,17,354,3584.0,3.3,0.83,4.61,86,10791,1303,Normal year,,44.38,2.194,4.625,0,0,1392.58,Positive
2001,Morocco,73561,40.4,61.6,16,260,5055.0,6.43,0.66,3.96,175,4834,1800,Post 9/11 security heightened,-0.0507,47.82,2.175,6.872,0,0,657.14,Neutral
2002,Morocco,65559,40.9,34.4,8,296,3408.0,3.5,0.79,4.25,187,3725,1409,Normal year,-0.1088,38.62,1.22,5.198,0,0,568.19,Positive
2003,Morocco,71767,38.5,57.7,9,259,1864.0,5.84,0.97,,234,5704,1563,Normal year,0.0947,45.22,1.254,2.597,0,0,794.79,Unknown
2004,Morocco,71090,39.7,30.9,15,320,1802.0,2.11,0.82,2.71,202,3345,1537,Normal year,-0.0094,36.62,2.11,2.535,0,0,470.53,Negative
2005,Morocco,79918,37.9,33.1,7,437,4685.0,3.48,0.73,2.72,171,4652,1462,Normal year,0.1242,36.22,0.876,5.862,0,0,582.1,Negative
2006,Morocco,71161,36.9,21.7,52,309,10790.0,6.87,0.76,3.47,110,8186,1222,Mina stampede – 346 deaths,-0.1096,31.58,7.307,15.163,1,0,1150.35,Neutral
2007,Morocco,81557,40.2,49.5,15,212,4488.0,6.2,0.81,3.0,149,6696,1465,Normal year,0.1461,43.46,1.839,5.503,0,0,821.02,Neutral
2008,Morocco,74162,41.0,42.7,9,316,2651.0,7.53,0.83,3.81,117,10194,1380,Normal year,-0.0907,41.6,1.214,3.575,0,0,1374.56,Neutral
2009,Morocco,69422,41.6,63.3,32,271,10639.0,3.78,0.97,3.39,205,11174,1246,H1N1 flu precautions,-0.0639,49.2,4.609,15.325,0,0,1609.58,Neutral
2010,Morocco,89280,41.9,27.5,11,337,5113.0,5.83,0.8,2.21,221,8478,1863,Normal year,0.286,36.86,1.232,5.727,0,0,949.6,Negative
2011,Morocco,83686,43.7,21.0,12,281,1375.0,9.02,0.68,4.53,179,10439,1482,Normal year,-0.0627,35.76,1.434,1.643,0,0,1247.4,Positive
2012,Morocco,70695,47.0,20.5,20,245,6796.0,7.65,0.85,3.78,127,6947,1332,MERS cases in Saudi Arabia,-0.1552,37.72,2.829,9.613,0,0,982.67,Neutral
2013,Morocco,69151,46.4,26.9,16,395,1613.0,3.3,0.85,3.53,162,9139,1493,Normal year,-0.0218,39.58,2.314,2.333,0,0,1321.6,Neutral
2014,Morocco,66635,46.4,25.2,6,228,1040.0,5.21,0.92,3.38,91,11301,1215,Normal year,-0.0364,38.98,0.9,1.561,0,0,1695.96,Neutral
2015,Morocco,95553,46.6,52.7,107,349,18637.0,7.64,0.86,2.57,218,8843,1664,"Mina stampede – 2,400+ deaths; crane collapse",0.434,48.74,11.198,19.504,1,0,925.45,Negative
2016,Morocco,60229,45.9,24.5,5,270,1039.0,6.61,0.91,2.22,258,11374,1423,Normal year,-0.3697,38.41,0.83,1.725,0,0,1888.46,Negative
2017,Morocco,80824,42.4,46.3,17,294,4820.0,3.38,0.77,4.95,159,8283,1775,Normal year,0.3419,43.76,2.103,5.964,0,0,1024.82,Positive
2018,Morocco,73930,40.9,59.7,15,337,4088.0,2.42,0.76,3.22,221,10534,1345,Normal year,-0.0853,47.48,2.029,5.53,0,0,1424.86,Neutral
2019,Morocco,83064,43.5,40.0,11,432,4969.0,9.23,0.9,2.45,238,10204,1666,Normal year,0.1235,42.28,1.324,5.982,0,0,1228.45,Negative
2020,Morocco,9,41.9,26.0,0,0,0.0,0.95,0.05,3.04,241,11047,0,"COVID restrictions, minimal pilgrims",-0.9999,36.34,0.0,0.0,0,1,12274444.44,Neutral
2021,Morocco,50,39.6,27.2,0,0,2.0,2.48,0.07,3.6,256,5398,1,COVID – vaccinated pilgrims only,4.5556,35.26,0.0,4.0,0,1,1079600.0,Neutral
2022,Morocco,44919,44.1,45.3,6,161,1813.0,2.24,0.66,4.11,248,13345,1112,Normal year,897.38,44.52,1.336,4.036,0,0,2970.9,Positive
2023,Morocco,78803,46.0,47.8,12,411,1303.0,5.93,0.91,4.22,296,9934,1534,Normal year,0.7543,46.63,1.523,1.653,0,0,1260.61,Positive
2024,Morocco,75150,50.7,50.5,108,279,25809.0,7.54,0.89,1.63,267,16584,1531,"Record heat wave 51°C – 1,300+ deaths",-0.0464,50.63,14.371,34.343,1,0,2206.79,Negative
2025,Morocco,88767,48.7,29.8,21,332,3626.0,8.29,0.74,4.66,317,16072,1863,Normal year,0.1812,42.09,2.366,4.085,0,0,1810.58,Positive
2000,Nigeria,110146,43.5,18.8,19,478,2399.0,3.84,0.67,4.71,228,8504,1908,Normal year,,34.86,1.725,2.178,0,0,772.07,Positive
2001,Nigeria,95842,41.5,24.4,36,276,5585.0,7.25,0.82,2.84,193,5196,1996,Post 9/11 security heightened,-0.1299,35.52,3.756,5.827,0,0,542.14,Negative
2002,Nigeria,116958,40.3,51.4,12,684,1818.0,6.06,0.81,2.7,152,11998,2368,Normal year,0.2203,44.18,1.026,1.554,0,0,1025.84,Negative
2003,Nigeria,86127,38.6,50.1,9,466,2034.0,8.9,0.85,3.8,111,10522,1925,Normal year,-0.2636,42.62,1.045,2.362,0,0,1221.68,Neutral
2004,Nigeria,104439,37.9,27.3,18,290,4122.0,7.49,0.79,,92,8848,2115,Normal year,0.2126,34.19,1.723,3.947,0,0,847.19,Unknown
2005,Nigeria,129416,35.3,27.4,30,617,7223.0,3.36,0.98,3.1,141,2524,2407,Normal year,0.2392,32.53,2.318,5.581,0,0,195.03,Neutral
2006,Nigeria,98145,37.4,64.8,116,441,12566.0,5.17,0.69,2.44,94,2243,1990,Mina stampede – 346 deaths,-0.2416,46.99,11.819,12.804,1,0,228.54,Negative
2007,Nigeria,115013,39.0,31.5,27,612,4144.0,8.87,0.73,4.56,235,4150,2582,Normal year,0.1719,36.38,2.348,3.603,0,0,360.83,Positive
2008,Nigeria,114738,39.3,48.3,22,460,6609.0,3.73,0.67,2.82,177,11127,2577,Normal year,-0.0024,42.45,1.917,5.76,0,0,969.77,Negative
2009,Nigeria,99702,42.0,34.1,42,355,11235.0,9.43,0.88,2.77,100,4915,1950,H1N1 flu precautions,-0.131,39.24,4.213,11.269,0,0,492.97,Negative
2010,Nigeria,125219,41.9,62.7,13,492,3631.0,6.9,0.93,2.69,148,5426,2789,Normal year,0.2559,49.18,1.038,2.9,0,0,433.32,Negative
2011,Nigeria,130348,45.7,38.9,30,735,2923.0,7.6,0.87,3.31,197,5216,3079,Normal year,0.041,43.32,2.302,2.242,0,0,400.16,Neutral
2012,Nigeria,110260,46.0,47.7,39,481,7902.0,9.44,0.67,2.29,138,8513,2393,MERS cases in Saudi Arabia,-0.1541,46.6,3.537,7.167,0,0,772.08,Negative
2013,Nigeria,92791,45.0,64.7,10,543,4876.0,5.77,0.74,3.31,183,6922,1712,Normal year,-0.1584,51.9,1.078,5.255,0,0,745.98,Neutral
2014,Nigeria,100731,46.4,56.4,9,356,4159.0,8.15,0.94,4.16,117,8752,2471,Normal year,0.0856,49.9,0.893,4.129,0,0,868.85,Positive
2015,Nigeria,120612,45.0,58.0,211,312,38533.0,9.2,0.88,2.51,149,8559,2046,"Mina stampede – 2,400+ deaths; crane collapse",0.1974,49.55,17.494,31.948,1,0,709.63,Negative
2016,Nigeria,86054,44.2,21.9,7,350,2494.0,9.17,0.81,4.03,251,11549,1763,Normal year,-0.2865,36.4,0.813,2.898,0,0,1342.06,Positive
2017,Nigeria,116465,42.3,33.2,23,637,3625.0,6.12,0.83,3.71,227,13687,2119,Normal year,0.3534,39.11,1.975,3.113,0,0,1175.2,Neutral
2018,Nigeria,120331,40.8,18.1,22,438,3218.0,5.06,0.87,2.94,253,6636,2170,Normal year,0.0332,32.85,1.828,2.674,0,0,551.48,Negative
2019,Nigeria,133793,41.1,42.1,24,452,5059.0,3.99,0.68,4.59,215,7595,2726,Normal year,0.1119,41.45,1.794,3.781,0,0,567.67,Positive
2020,Nigeria,14,42.2,51.5,0,0,0.0,1.98,0.02,3.35,164,5614,0,"COVID restrictions, minimal pilgrims",-0.9999,45.46,0.0,0.0,0,1,4010000.0,Neutral
2021,Nigeria,75,41.9,54.9,0,0,3.0,1.1,0.08,4.89,140,7010,1,COVID – vaccinated pilgrims only,4.3571,46.45,0.0,4.0,0,1,934666.67,Positive
2022,Nigeria,72679,42.8,26.2,15,281,1685.0,7.07,0.72,4.74,254,12550,1320,Normal year,968.0533,36.99,2.064,2.318,0,0,1726.77,Positive
2023,Nigeria,125657,44.0,40.8,19,315,6778.0,5.75,0.74,4.73,203,12161,2269,Normal year,0.7289,42.88,1.512,5.394,0,0,967.79,Positive
2024,Nigeria,132635,48.3,32.7,179,659,38466.0,9.47,0.76,2.98,234,14635,2523,"Record heat wave 51°C – 1,300+ deaths",0.0555,42.84,13.496,29.001,1,0,1103.4,Negative
2025,Nigeria,128969,45.5,40.3,29,705,6896.0,8.96,0.73,3.75,230,16789,2254,Normal year,-0.0276,43.68,2.249,5.347,0,0,1301.79,Neutral
2000,Pakistan,181015,44.0,36.9,21,464,9061.0,5.7,0.78,3.13,199,6669,4086,Normal year,,41.52,1.16,5.006,0,0,368.42,Neutral
2001,Pakistan,182169,42.5,26.9,27,518,12532.0,4.65,0.81,3.52,134,2629,3050,Post 9/11 security heightened,0.0064,37.04,1.482,6.879,0,0,144.32,Neutral
2002,Pakistan,163856,39.4,64.4,27,419,2399.0,9.29,0.92,2.25,104,7849,3621,Normal year,-0.1005,48.15,1.648,1.464,0,0,479.02,Negative
2003,Pakistan,172957,38.9,37.1,25,710,7742.0,7.61,0.81,4.57,216,3063,3970,Normal year,0.0555,38.27,1.445,4.476,0,0,177.1,Positive
2004,Pakistan,203688,36.5,48.8,41,516,6186.0,7.06,0.9,3.82,167,2935,4141,Normal year,0.1777,40.8,2.013,3.037,0,0,144.09,Neutral
2005,Pakistan,221240,36.9,37.2,49,917,6482.0,6.41,0.95,2.43,209,9495,4629,Normal year,0.0862,37.0,2.215,2.93,0,0,429.17,Negative
2006,Pakistan,190953,39.3,60.5,300,582,17122.0,7.51,0.81,2.67,208,4558,3766,Mina stampede – 346 deaths,-0.1369,46.72,15.711,8.967,1,0,238.7,Negative
2007,Pakistan,166054,38.3,63.9,14,954,2830.0,9.09,0.77,4.14,109,10682,3289,Normal year,-0.1304,47.26,0.843,1.704,0,0,643.28,Positive
2008,Pakistan,180342,39.9,36.5,40,482,6603.0,9.19,0.89,3.63,92,5851,3351,Normal year,0.086,38.71,2.218,3.661,0,0,324.44,Neutral
2009,Pakistan,161631,41.3,36.2,29,573,19917.0,6.54,0.9,3.92,191,11039,3362,H1N1 flu precautions,-0.1038,39.52,1.794,12.323,0,0,682.98,Neutral
2010,Pakistan,188936,42.4,51.4,30,567,4790.0,3.14,0.75,3.65,233,11064,4185,Normal year,0.1689,45.55,1.588,2.535,0,0,585.6,Neutral
2011,Pakistan,196397,44.4,40.3,18,523,8650.0,6.09,0.86,3.87,191,7907,3542,Normal year,0.0395,42.96,0.917,4.404,0,0,402.6,Neutral
2012,Pakistan,180294,45.5,24.5,64,1009,22358.0,4.11,0.86,4.4,159,8744,3825,MERS cases in Saudi Arabia,-0.082,38.15,3.55,12.401,0,0,484.99,Positive
2013,Pakistan,148641,47.5,63.3,29,764,4858.0,5.72,0.74,3.69,122,8128,3382,Normal year,-0.1756,53.03,1.951,3.268,0,0,546.82,Neutral
2014,Pakistan,143320,45.6,35.3,28,819,2974.0,4.05,0.88,3.12,138,11902,2407,Normal year,-0.0358,42.0,1.954,2.075,0,0,830.45,Neutral
2015,Pakistan,198507,44.2,27.0,322,766,33699.0,9.89,0.75,2.01,125,8857,4848,"Mina stampede – 2,400+ deaths; crane collapse",0.3851,38.18,16.221,16.976,1,0,446.18,Negative
2016,Pakistan,160836,44.3,43.7,31,839,4229.0,6.56,0.94,3.23,144,13768,3226,Normal year,-0.1898,44.09,1.927,2.629,0,0,856.03,Neutral
2017,Pakistan,171139,41.1,28.2,17,579,3885.0,4.88,0.91,4.86,173,12938,3076,Normal year,0.0641,36.58,0.993,2.27,0,0,755.99,Positive
2018,Pakistan,209654,41.3,41.6,36,1013,3148.0,3.46,0.79,2.64,156,13851,4690,Normal year,0.2251,41.4,1.717,1.502,0,0,660.66,Negative
2019,Pakistan,216843,44.5,58.7,21,700,12156.0,6.39,0.8,3.52,194,10875,4251,Normal year,0.0343,49.47,0.968,5.606,0,0,501.51,Neutral
2020,Pakistan,23,40.7,33.5,0,0,0.0,1.23,0.02,4.47,207,6680,0,"COVID restrictions, minimal pilgrims",-0.9999,38.18,0.0,0.0,0,1,2904347.83,Positive
2021,Pakistan,139,38.2,51.2,0,0,2.0,2.07,0.07,3.41,197,6197,3,COVID – vaccinated pilgrims only,5.0435,42.75,0.0,1.439,0,1,445827.34,Neutral
2022,Pakistan,116547,43.5,26.3,26,377,6252.0,2.76,0.97,4.48,192,7190,2443,Normal year,837.4676,37.48,2.231,5.364,0,0,616.92,Positive
2023,Pakistan,225893,46.9,47.4,45,1022,10463.0,3.69,0.86,3.68,215,6463,4701,Normal year,0.9382,47.08,1.992,4.632,0,0,286.11,Neutral
2024,Pakistan,191123,50.2,40.3,214,1030,66253.0,8.57,0.83,2.98,307,11679,4339,"Record heat wave 51°C – 1,300+ deaths",-0.1539,46.74,11.197,34.665,1,0,611.07,Negative
2025,Pakistan,185597,46.5,61.9,44,674,5729.0,6.06,0.84,4.35,262,10920,3288,Normal year,-0.0289,51.89,2.371,3.087,0,0,588.37,Positive
2000,Saudi Arabia,55028,40.4,35.3,12,309,992.0,9.02,0.79,2.15,130,8613,956,Normal year,,38.62,2.181,1.803,0,0,1565.2,Negative
2001,Saudi Arabia,44349,42.0,39.6,18,240,2399.0,2.15,0.71,3.52,114,11121,883,Post 9/11 security heightened,-0.1941,41.16,4.059,5.409,0,0,2507.61,Neutral
2002,Saudi Arabia,46865,41.8,42.8,5,237,1791.0,4.11,0.66,3.78,133,2799,936,Normal year,0.0567,42.15,1.067,3.822,0,0,597.25,Neutral
2003,Saudi Arabia,37858,40.5,32.6,5,118,1326.0,5.66,0.88,2.92,208,10623,735,Normal year,-0.1922,37.74,1.321,3.503,0,0,2806.01,Negative
2004,Saudi Arabia,47263,39.7,56.5,5,193,2386.0,9.27,0.76,3.12,177,11964,809,Normal year,0.2484,45.58,1.058,5.048,0,0,2531.37,Neutral
2005,Saudi Arabia,55036,38.0,51.9,13,255,2791.0,4.96,0.9,2.34,113,5231,1357,Normal year,0.1645,42.86,2.362,5.071,0,0,950.47,Negative
2006,Saudi Arabia,50917,36.2,52.4,41,190,5120.0,8.12,0.96,2.81,81,2823,934,Mina stampede – 346 deaths,-0.0748,41.87,8.052,10.056,1,0,554.43,Negative
2007,Saudi Arabia,46558,39.1,34.6,8,154,2211.0,3.09,0.71,2.2,124,2852,1027,Normal year,-0.0856,37.53,1.718,4.749,0,0,612.57,Negative
2008,Saudi Arabia,53641,39.0,59.4,6,137,1538.0,8.69,0.85,3.09,138,9167,935,Normal year,0.1521,46.14,1.119,2.867,0,0,1708.95,Neutral
2009,Saudi Arabia,47250,39.9,19.9,15,152,4818.0,2.66,0.71,3.64,212,4144,801,H1N1 flu precautions,-0.1191,32.9,3.175,10.197,0,0,877.04,Neutral
2010,Saudi Arabia,53063,43.8,57.8,5,205,1749.0,8.91,0.92,3.55,119,9062,1093,Normal year,0.123,48.7,0.942,3.296,0,0,1707.78,Neutral
2011,Saudi Arabia,52439,42.7,26.8,8,270,2159.0,2.82,0.7,2.13,133,9897,1290,Normal year,-0.0118,37.14,1.526,4.117,0,0,1887.34,Negative
2012,Saudi Arabia,43311,44.6,44.9,7,114,3101.0,5.82,0.83,2.58,86,9131,980,MERS cases in Saudi Arabia,-0.1741,44.7,1.616,7.16,0,0,2108.24,Negative
2013,Saudi Arabia,35063,47.9,28.0,5,125,1279.0,8.92,0.93,3.97,128,8125,835,Normal year,-0.1904,40.94,1.426,3.648,0,0,2317.26,Neutral
2014,Saudi Arabia,37943,45.6,53.5,6,226,2271.0,8.16,0.87,3.19,92,3502,728,Normal year,0.0821,48.36,1.581,5.985,0,0,922.96,Neutral
2015,Saudi Arabia,60907,46.5,22.6,60,191,8955.0,9.45,0.89,2.81,205,3445,1372,"Mina stampede – 2,400+ deaths; crane collapse",0.6052,38.14,9.851,14.703,1,0,565.62,Negative
2016,Saudi Arabia,38118,45.3,58.4,7,221,2051.0,9.02,0.66,4.73,241,10137,683,Normal year,-0.3742,49.88,1.836,5.381,0,0,2659.37,Positive
2017,Saudi Arabia,50033,42.3,57.1,6,137,1314.0,9.09,0.75,2.94,177,13263,942,Normal year,0.3126,47.48,1.199,2.626,0,0,2650.85,Negative
2018,Saudi Arabia,54579,40.4,31.3,12,325,3235.0,4.31,0.67,3.39,240,11630,1085,Normal year,0.0909,37.22,2.199,5.927,0,0,2130.86,Neutral
2019,Saudi Arabia,55453,41.1,52.3,13,314,1167.0,8.54,0.72,2.09,165,10778,945,Normal year,0.016,45.02,2.344,2.104,0,0,1943.63,Negative
2020,Saudi Arabia,296,39.2,31.1,0,1,11.0,1.0,0.09,4.33,257,7920,5,"COVID restrictions, minimal pilgrims",-0.9947,36.36,0.0,3.716,0,1,267567.57,Positive
2021,Saudi Arabia,1577,38.1,30.9,0,4,73.0,0.64,0.09,2.19,195,5134,33,COVID – vaccinated pilgrims only,4.3277,35.58,0.0,4.629,0,1,32555.49,Negative
2022,Saudi Arabia,25318,44.7,53.3,2,133,398.0,8.26,0.98,4.76,256,13078,586,Normal year,15.0545,47.71,0.79,1.572,0,0,5165.49,Positive
2023,Saudi Arabia,52135,46.5,33.1,6,243,995.0,7.08,0.92,4.83,291,7108,886,Normal year,1.0592,41.81,1.151,1.909,0,0,1363.38,Positive
2024,Saudi Arabia,56928,49.5,43.5,112,235,6841.0,8.22,0.96,2.41,264,12664,1124,"Record heat wave 51°C – 1,300+ deaths",0.0919,47.4,19.674,12.017,1,0,2224.56,Negative
2025,Saudi Arabia,58145,48.6,52.0,5,183,3398.0,2.12,0.97,4.5,300,9956,1272,Normal year,0.0214,49.79,0.86,5.844,0,0,1712.27,Positive
2000,Senegal,33910,42.9,46.4,7,189,1903.0,2.31,0.92,4.97,180,6560,791,Normal year,,44.12,2.064,5.612,0,0,1934.53,Positive
2001,Senegal,25453,40.1,32.5,4,65,1723.0,9.29,0.91,2.37,228,4065,550,Post 9/11 security heightened,-0.2494,37.44,1.572,6.769,0,0,1597.06,Negative
2002,Senegal,29328,38.1,58.7,6,98,2399.0,7.67,0.69,2.68,86,6848,637,Normal year,0.1522,45.31,2.046,8.18,0,0,2334.97,Negative
2003,Senegal,24111,39.2,56.4,2,95,1410.0,3.17,0.93,3.03,116,7436,423,Normal year,-0.1779,45.22,0.829,5.848,0,0,3084.07,Neutral
2004,Senegal,28208,39.8,39.0,6,107,1304.0,5.25,0.72,2.95,95,3949,496,Normal year,0.1699,39.52,2.127,4.623,0,0,1399.96,Negative
2005,Senegal,34906,38.0,21.2,3,137,1779.0,9.0,0.83,2.24,194,8637,624,Normal year,0.2375,32.12,0.859,5.097,0,0,2474.36,Negative
2006,Senegal,31621,37.0,52.1,30,88,5501.0,7.07,0.72,3.0,208,7486,539,Mina stampede – 346 deaths,-0.0941,42.28,9.487,17.397,1,0,2367.41,Neutral
2007,Senegal,31653,39.0,56.9,4,161,550.0,8.05,0.84,2.7,180,10739,711,Normal year,0.001,45.26,1.264,1.738,0,0,3392.73,Negative
2008,Senegal,30603,39.4,21.3,7,84,1304.0,3.77,0.89,3.19,200,2457,518,Normal year,-0.0332,33.06,2.287,4.261,0,0,802.86,Neutral
2009,Senegal,29244,42.1,25.7,11,122,4171.0,9.35,0.78,3.69,118,8815,655,H1N1 flu precautions,-0.0444,36.36,3.761,14.263,0,0,3014.29,Neutral
2010,Senegal,32975,44.6,23.5,4,180,636.0,5.08,0.68,4.88,190,5034,563,Normal year,0.1276,37.22,1.213,1.929,0,0,1526.61,Positive
2011,Senegal,32737,42.5,46.5,5,150,589.0,9.47,0.81,2.1,222,6123,665,Normal year,-0.0072,43.9,1.527,1.799,0,0,1870.36,Negative
2012,Senegal,31296,43.0,31.9,8,97,3207.0,7.75,0.73,4.57,170,4443,538,MERS cases in Saudi Arabia,-0.044,39.11,2.556,10.247,0,0,1419.67,Positive
2013,Senegal,26531,45.2,62.6,3,101,832.0,5.45,0.91,2.77,204,3334,479,Normal year,-0.1523,51.29,1.131,3.136,0,0,1256.64,Negative
2014,Senegal,22390,46.6,28.3,5,70,545.0,7.22,0.82,4.52,175,4966,521,Normal year,-0.1561,40.2,2.233,2.434,0,0,2217.95,Positive
2015,Senegal,32011,46.3,22.9,68,171,3138.0,8.9,0.82,2.81,171,9676,647,"Mina stampede – 2,400+ deaths; crane collapse",0.4297,38.11,21.243,9.803,1,0,3022.71,Negative
2016,Senegal,23621,46.0,44.7,4,135,1313.0,8.7,0.7,2.52,177,7043,472,Normal year,-0.2621,45.54,1.693,5.559,0,0,2981.67,Negative
2017,Senegal,31028,42.9,28.8,2,90,484.0,4.86,0.81,3.23,185,9520,708,Normal year,0.3136,37.97,0.645,1.56,0,0,3068.2,Neutral
2018,Senegal,28527,42.9,62.3,2,146,1528.0,4.6,0.93,2.16,248,6226,701,Normal year,-0.0806,49.69,0.701,5.356,0,0,2182.49,Negative
2019,Senegal,35347,41.5,60.7,8,132,2063.0,3.03,0.78,4.56,233,11147,719,Normal year,0.2391,48.22,2.263,5.836,0,0,3153.59,Positive
2020,Senegal,3,40.5,62.0,0,0,0.0,0.92,0.06,4.38,200,9917,0,"COVID restrictions, minimal pilgrims",-0.9999,48.02,0.0,0.0,0,1,33056666.67,Positive
2021,Senegal,23,39.4,24.6,0,0,1.0,0.87,0.03,3.23,160,8644,0,COVID – vaccinated pilgrims only,6.6667,34.22,0.0,4.348,0,1,3758260.87,Neutral
2022,Senegal,18616,41.2,34.6,1,48,477.0,5.11,0.71,3.9,251,8383,357,Normal year,808.3913,38.89,0.537,2.562,0,0,4503.12,Neutral
2023,Senegal,35046,43.2,18.7,5,159,1508.0,2.57,0.67,4.59,284,12110,828,Normal year,0.8826,34.62,1.427,4.303,0,0,3455.46,Positive
2024,Senegal,36141,50.2,63.1,62,155,15753.0,8.59,0.87,2.83,298,17667,658,"Record heat wave 51°C – 1,300+ deaths",0.0312,54.72,17.155,43.588,1,0,4888.35,Negative
2025,Senegal,35374,45.1,62.1,5,119,841.0,3.41,0.67,3.67,217,11594,616,Normal year,-0.0212,51.05,1.413,2.377,0,0,3277.55,Neutral
2000,Sudan,59762,41.2,37.3,8,347,1517.0,3.27,0.82,4.71,128,2300,1176,Normal year,,39.84,1.339,2.538,0,0,384.86,Positive
2001,Sudan,47489,39.8,29.1,19,160,2874.0,5.59,0.75,3.26,146,5232,1150,Post 9/11 security heightened,-0.2054,36.06,4.001,6.052,0,0,1101.73,Neutral
2002,Sudan,49713,40.1,41.4,6,209,1092.0,6.22,0.8,3.68,235,6572,909,Normal year,0.0468,40.56,1.207,2.197,0,0,1321.99,Neutral
2003,Sudan,45494,37.6,48.5,8,217,783.0,3.32,0.88,3.54,128,8828,779,Normal year,-0.0849,41.42,1.758,1.721,0,0,1940.48,Neutral
2004,Sudan,57771,37.7,43.1,7,277,1417.0,8.52,0.79,4.78,84,9875,1088,Normal year,0.2699,39.59,1.212,2.453,0,0,1709.34,Positive
2005,Sudan,48379,35.9,24.9,11,220,898.0,9.4,0.9,3.97,150,6158,970,Normal year,-0.1626,32.05,2.274,1.856,0,0,1272.87,Neutral
2006,Sudan,48960,36.4,24.7,63,139,10310.0,4.93,0.98,3.78,162,8275,976,Mina stampede – 346 deaths,0.012,32.3,12.868,21.058,1,0,1690.16,Neutral
2007,Sudan,49269,37.0,26.1,8,277,958.0,3.58,0.83,4.42,135,11023,1076,Normal year,0.0063,33.18,1.624,1.944,0,0,2237.31,Positive
2008,Sudan,47856,38.9,43.9,9,210,1333.0,4.48,0.82,4.94,123,4980,1092,Normal year,-0.0287,40.65,1.881,2.785,0,0,1040.62,Positive
2009,Sudan,52036,39.9,37.9,14,261,7690.0,8.84,0.96,4.14,224,7401,994,H1N1 flu precautions,0.0873,39.2,2.69,14.778,0,0,1422.28,Positive
2010,Sudan,51343,42.4,56.7,4,187,1792.0,7.71,0.85,4.42,179,7516,896,Normal year,-0.0133,47.4,0.779,3.49,0,0,1463.88,Positive
2011,Sudan,58714,43.6,39.1,11,161,2142.0,7.89,0.92,4.97,83,4422,1378,Normal year,0.1436,42.03,1.873,3.648,0,0,753.14,Positive
2012,Sudan,51068,43.5,18.6,6,232,3212.0,5.18,0.77,3.3,233,10222,866,MERS cases in Saudi Arabia,-0.1302,34.79,1.175,6.29,0,0,2001.64,Neutral
2013,Sudan,42276,48.0,55.5,6,160,897.0,4.42,0.85,3.96,85,8756,803,Normal year,-0.1722,50.62,1.419,2.122,0,0,2071.15,Neutral
2014,Sudan,41968,48.3,56.9,4,135,1920.0,2.78,0.93,3.87,93,3862,725,Normal year,-0.0073,51.31,0.953,4.575,0,0,920.22,Neutral
2015,Sudan,51748,45.8,57.3,53,278,16121.0,8.85,0.99,2.45,147,4124,904,"Mina stampede – 2,400+ deaths; crane collapse",0.233,49.82,10.242,31.153,1,0,796.94,Negative
2016,Sudan,39823,42.9,46.6,8,115,2346.0,8.44,0.66,4.38,177,7391,772,Normal year,-0.2304,44.2,2.009,5.891,0,0,1855.96,Positive
2017,Sudan,51783,42.3,31.8,10,237,1675.0,7.33,0.78,2.44,155,12638,944,Normal year,0.3003,38.62,1.931,3.235,0,0,2440.57,Negative
2018,Sudan,50956,42.4,36.1,11,131,1832.0,2.45,0.79,3.99,180,9092,981,Normal year,-0.016,40.2,2.159,3.595,0,0,1784.28,Neutral
2019,Sudan,54370,44.0,36.7,12,316,1562.0,6.5,0.96,4.71,164,9611,1023,Normal year,0.067,41.44,2.207,2.873,0,0,1767.7,Positive
2020,Sudan,5,42.8,37.2,0,0,0.0,2.41,0.04,3.52,206,13197,0,"COVID restrictions, minimal pilgrims",-0.9999,40.84,0.0,0.0,0,1,26394000.0,Neutral
2021,Sudan,35,41.7,27.9,0,0,1.0,1.24,0.07,3.23,233,11541,0,COVID – vaccinated pilgrims only,6.0,36.87,0.0,2.857,0,1,3297428.57,Neutral
2022,Sudan,30584,43.9,47.5,4,120,1542.0,8.32,0.71,4.26,179,11243,526,Normal year,872.8286,45.16,1.308,5.042,0,0,3676.11,Positive
2023,Sudan,60420,43.6,47.2,14,338,2731.0,9.04,0.92,3.97,226,9361,1214,Normal year,0.9755,44.86,2.317,4.52,0,0,1549.32,Neutral
2024,Sudan,50519,48.6,19.1,66,228,11412.0,9.41,0.94,1.72,228,15728,1012,"Record heat wave 51°C – 1,300+ deaths",-0.1639,38.28,13.064,22.59,1,0,3113.28,Negative
2025,Sudan,55779,48.5,53.0,8,237,3329.0,3.4,0.69,4.24,253,9015,1054,Normal year,0.1041,50.08,1.434,5.968,0,0,1616.2,Positive
2000,Tunisia,24616,42.8,64.5,4,87,1459.0,3.65,0.92,3.25,127,4772,446,Normal year,,50.4,1.625,5.927,0,0,1938.58,Neutral
2001,Tunisia,19564,41.2,51.3,5,84,1475.0,6.06,0.81,3.34,136,6056,336,Post 9/11 security heightened,-0.2052,44.74,2.556,7.539,0,0,3095.48,Neutral
2002,Tunisia,22352,38.8,53.2,1,89,1057.0,7.51,0.85,4.33,156,7552,522,Normal year,0.1425,43.84,0.447,4.729,0,0,3378.67,Positive
2003,Tunisia,19980,39.0,42.5,4,113,991.0,9.0,0.83,3.6,116,9842,341,Normal year,-0.1061,40.22,2.002,4.96,0,0,4925.93,Neutral
2004,Tunisia,25725,36.5,50.9,3,88,1138.0,4.0,0.96,4.09,105,9649,590,Normal year,0.2875,41.54,1.166,4.424,0,0,3750.83,Positive
2005,Tunisia,28650,37.9,32.7,6,129,1247.0,3.5,0.8,3.36,114,10273,554,Normal year,0.1137,36.08,2.094,4.353,0,0,3585.69,Neutral
2006,Tunisia,21407,37.6,62.7,33,105,1529.0,7.94,0.67,3.36,189,2879,368,Mina stampede – 346 deaths,-0.2528,46.39,15.416,7.143,1,0,1344.89,Neutral
2007,Tunisia,25229,37.9,29.9,4,71,390.0,8.32,0.79,3.57,130,4474,536,Normal year,0.1785,35.1,1.585,1.546,0,0,1773.36,Neutral
2008,Tunisia,27058,41.5,27.9,2,126,431.0,9.04,0.88,4.36,185,11913,509,Normal year,0.0725,36.74,0.739,1.593,0,0,4402.76,Positive
2009,Tunisia,21712,40.4,30.0,8,86,1874.0,9.19,0.98,2.78,198,4291,390,H1N1 flu precautions,-0.1976,36.76,3.685,8.631,0,0,1976.33,Negative
2010,Tunisia,23873,44.5,37.6,3,78,418.0,2.14,0.81,3.96,91,6807,586,Normal year,0.0995,42.08,1.257,1.751,0,0,2851.34,Neutral
2011,Tunisia,23173,42.7,28.8,4,91,675.0,9.18,0.75,4.08,194,6715,498,Normal year,-0.0293,37.84,1.726,2.913,0,0,2897.77,Positive
2012,Tunisia,26196,43.8,40.3,7,70,2921.0,7.29,0.91,4.96,224,9296,607,MERS cases in Saudi Arabia,0.1305,42.58,2.672,11.151,0,0,3548.63,Positive
2013,Tunisia,19485,45.4,22.5,4,57,948.0,8.82,0.7,4.0,189,3743,387,Normal year,-0.2562,37.38,2.053,4.865,0,0,1920.96,Positive
2014,Tunisia,19523,45.6,18.3,2,74,904.0,6.12,0.87,2.6,110,2364,374,Normal year,0.002,36.04,1.024,4.63,0,0,1210.88,Negative
2015,Tunisia,24703,44.3,22.8,29,96,4063.0,7.59,0.97,2.38,151,10253,492,"Mina stampede – 2,400+ deaths; crane collapse",0.2653,36.78,11.739,16.447,1,0,4150.51,Negative
2016,Tunisia,17540,42.8,62.1,1,103,548.0,4.25,0.79,4.73,235,7954,297,Normal year,-0.29,49.56,0.57,3.124,0,0,4534.78,Positive
2017,Tunisia,25867,44.3,37.3,4,149,482.0,4.65,0.96,2.76,254,12124,563,Normal year,0.4747,41.85,1.546,1.863,0,0,4687.05,Negative
2018,Tunisia,23960,42.9,39.7,3,108,1146.0,4.02,0.95,2.45,149,7308,491,Normal year,-0.0737,41.78,1.252,4.783,0,0,3050.08,Negative
2019,Tunisia,26104,41.8,32.1,2,133,1108.0,2.51,0.87,2.08,155,8503,458,Normal year,0.0895,38.4,0.766,4.245,0,0,3257.36,Negative
2020,Tunisia,2,41.5,33.5,0,0,0.0,2.38,0.09,4.99,179,10749,0,"COVID restrictions, minimal pilgrims",-0.9999,38.7,0.0,0.0,0,1,53745000.0,Positive
2021,Tunisia,17,38.5,56.8,0,0,0.0,2.18,0.06,2.91,164,10919,0,COVID – vaccinated pilgrims only,7.5,44.9,0.0,0.0,0,1,6422941.18,Negative
2022,Tunisia,13227,44.1,31.7,2,47,557.0,3.08,0.78,4.32,174,6410,297,Normal year,777.0588,39.76,1.512,4.211,0,0,4846.15,Positive
2023,Tunisia,27609,46.7,27.4,5,84,1049.0,7.63,0.75,3.92,214,8243,589,Normal year,1.0873,39.94,1.811,3.799,0,0,2985.62,Neutral
2024,Tunisia,26244,50.3,55.1,27,109,9211.0,8.83,0.73,2.29,307,17308,521,"Record heat wave 51°C – 1,300+ deaths",-0.0494,51.98,10.288,35.098,1,0,6595.03,Negative
2025,Tunisia,25689,47.4,18.5,5,94,621.0,9.2,0.68,3.93,218,9289,523,Normal year,-0.0211,37.28,1.946,2.417,0,0,3615.94,Neutral
2000,Turkey,94461,41.9,34.6,18,237,3848.0,6.06,0.91,2.32,191,3036,1977,Normal year,,39.34,1.906,4.074,0,0,321.4,Negative
2001,Turkey,88367,41.3,40.2,22,312,2841.0,5.78,0.93,2.29,167,7387,1530,Post 9/11 security heightened,-0.0645,40.92,2.49,3.215,0,0,835.95,Negative
2002,Turkey,83827,41.8,38.1,16,300,2735.0,6.69,0.76,4.21,99,3876,1547,Normal year,-0.0514,40.5,1.909,3.263,0,0,462.38,Positive
2003,Turkey,81851,39.9,64.2,7,483,2307.0,6.06,0.89,4.94,118,2570,1837,Normal year,-0.0236,48.4,0.855,2.819,0,0,313.99,Positive
2004,Turkey,99304,38.8,26.7,19,434,5456.0,7.54,0.93,3.34,141,9409,2473,Normal year,0.2132,34.56,1.913,5.494,0,0,947.49,Neutral
2005,Turkey,91712,37.8,51.4,22,468,4866.0,9.24,0.76,2.86,94,6540,1616,Normal year,-0.0765,42.56,2.399,5.306,0,0,713.1,Negative
2006,Turkey,99508,38.9,24.4,206,306,6484.0,3.52,0.67,3.26,115,8575,2292,Mina stampede – 346 deaths,0.085,33.83,20.702,6.516,1,0,861.74,Neutral
2007,Turkey,88802,40.5,57.9,13,299,1961.0,8.87,0.97,3.82,127,4730,1936,Normal year,-0.1076,46.59,1.464,2.208,0,0,532.65,Neutral
2008,Turkey,96842,40.1,35.5,8,396,4062.0,6.21,0.9,2.82,238,9894,1831,Normal year,0.0905,38.49,0.826,4.194,0,0,1021.66,Negative
2009,Turkey,97221,41.8,48.0,37,243,4982.0,7.75,0.92,4.49,213,5225,1854,H1N1 flu precautions,0.0039,43.97,3.806,5.124,0,0,537.44,Positive
2010,Turkey,93845,42.8,30.4,9,264,4643.0,7.23,0.78,3.91,236,9981,1876,Normal year,-0.0347,38.46,0.959,4.948,0,0,1063.56,Neutral
2011,Turkey,92351,42.1,27.0,8,443,4451.0,9.21,0.96,4.26,138,7567,2169,Normal year,-0.0159,36.82,0.866,4.82,0,0,819.37,Positive
2012,Turkey,95328,43.3,37.6,31,503,9395.0,4.55,0.9,2.57,227,5295,1634,MERS cases in Saudi Arabia,0.0322,41.3,3.252,9.855,0,0,555.45,Negative
2013,Turkey,81592,45.1,53.1,8,465,1400.0,8.92,0.98,3.65,106,4601,1478,Normal year,-0.1441,47.9,0.98,1.716,0,0,563.9,Neutral
2014,Turkey,82267,47.0,47.4,9,355,4643.0,9.12,0.74,2.21,220,3243,1783,Normal year,0.0083,47.14,1.094,5.644,0,0,394.2,Negative
2015,Turkey,94945,44.2,18.9,149,295,23546.0,7.69,0.8,2.51,202,6449,2285,"Mina stampede – 2,400+ deaths; crane collapse",0.1541,35.35,15.693,24.8,1,0,679.24,Negative
2016,Turkey,76732,42.2,27.7,7,227,2008.0,6.02,0.94,4.68,160,11842,1663,Normal year,-0.1918,37.12,0.912,2.617,0,0,1543.29,Positive
2017,Turkey,107561,42.4,21.7,17,499,3486.0,4.26,0.67,2.78,182,7128,2180,Normal year,0.4018,35.16,1.58,3.241,0,0,662.69,Negative
2018,Turkey,97859,40.8,32.4,22,253,2842.0,8.53,0.91,4.88,230,9706,1706,Normal year,-0.0902,37.86,2.248,2.904,0,0,991.84,Positive
2019,Turkey,94469,41.6,61.1,8,355,4983.0,4.94,0.75,3.74,251,8961,1581,Normal year,-0.0346,48.42,0.847,5.275,0,0,948.57,Neutral
2020,Turkey,9,42.1,64.1,0,0,0.0,2.36,0.03,4.05,245,9962,0,"COVID restrictions, minimal pilgrims",-0.9999,49.8,0.0,0.0,0,1,11068888.89,Positive
2021,Turkey,71,40.5,50.0,0,0,2.0,0.8,0.04,3.5,231,6168,1,COVID – vaccinated pilgrims only,6.8889,43.82,0.0,2.817,0,1,868732.39,Neutral
2022,Turkey,54820,41.6,58.3,9,203,1450.0,7.78,0.81,4.7,230,7714,1298,Normal year,771.1127,47.44,1.642,2.645,0,0,1407.15,Positive
2023,Turkey,91909,44.0,62.8,11,542,4851.0,7.79,0.98,4.39,243,13636,1568,Normal year,0.6766,50.58,1.197,5.278,0,0,1483.64,Positive
2024,Turkey,95361,49.2,19.3,92,545,40234.0,8.92,0.89,1.83,319,11301,1875,"Record heat wave 51°C – 1,300+ deaths",0.0376,38.74,9.648,42.191,1,0,1185.08,Negative
2025,Turkey,102917,47.5,19.9,21,470,2685.0,4.21,0.87,3.84,202,14620,1991,Normal year,0.0792,37.84,2.04,2.609,0,0,1420.56,Neutral
2000,Yemen,32290,42.1,33.5,2,97,1912.0,4.93,0.68,2.14,164,11930,548,Normal year,,39.09,0.619,5.921,0,0,3694.64,Negative
2001,Yemen,28101,40.7,26.7,11,115,794.0,4.7,0.78,3.91,233,3421,575,Post 9/11 security heightened,-0.1297,35.8,3.914,2.826,0,0,1217.39,Neutral
2002,Yemen,35425,38.6,32.8,4,114,1584.0,4.02,0.86,4.09,144,7695,706,Normal year,0.2606,36.57,1.129,4.471,0,0,2172.19,Positive
2003,Yemen,31930,38.6,60.5,4,117,1668.0,3.06,0.78,4.33,104,5550,750,Normal year,-0.0987,46.26,1.253,5.224,0,0,1738.18,Positive
2004,Yemen,35254,39.6,64.9,7,117,2073.0,8.13,0.85,,148,2407,605,Normal year,0.1041,48.46,1.986,5.88,0,0,682.76,Unknown
2005,Yemen,35941,36.4,31.5,3,146,2096.0,2.32,0.79,3.49,100,4466,734,Normal year,0.0195,34.68,0.835,5.832,0,0,1242.59,Neutral
2006,Yemen,30364,38.5,38.7,54,162,4474.0,9.39,0.83,2.76,87,7275,526,Mina stampede – 346 deaths,-0.1552,38.57,17.784,14.735,1,0,2395.93,Negative
2007,Yemen,33049,37.6,58.3,7,122,1689.0,6.86,0.66,3.92,81,4205,609,Normal year,0.0884,44.84,2.118,5.111,0,0,1272.35,Neutral
2008,Yemen,39145,40.3,40.8,8,220,821.0,8.53,0.77,3.41,101,10252,907,Normal year,0.1845,40.47,2.044,2.097,0,0,2618.98,Neutral
2009,Yemen,30956,41.2,62.8,10,146,4225.0,2.0,0.8,4.97,222,11137,585,H1N1 flu precautions,-0.2092,48.76,3.23,13.648,0,0,3597.69,Positive
2010,Yemen,37744,43.7,42.5,4,106,1991.0,5.91,0.8,2.31,87,4342,880,Normal year,0.2193,43.28,1.06,5.275,0,0,1150.38,Negative
2011,Yemen,33812,43.1,38.7,3,164,1839.0,5.74,0.96,2.53,166,10100,744,Normal year,-0.1042,41.56,0.887,5.439,0,0,2987.11,Negative
2012,Yemen,31114,45.6,39.9,9,119,2829.0,5.84,0.84,2.22,200,9389,545,MERS cases in Saudi Arabia,-0.0798,43.6,2.893,9.092,0,0,3017.61,Negative
2013,Yemen,27755,46.7,43.5,5,70,868.0,3.05,0.7,4.44,221,8231,503,Normal year,-0.108,45.58,1.801,3.127,0,0,2965.59,Positive
2014,Yemen,28750,47.1,58.0,6,139,708.0,7.14,0.83,2.16,144,11366,596,Normal year,0.0358,50.92,2.087,2.463,0,0,3953.39,Negative
2015,Yemen,42601,45.8,55.7,51,117,6744.0,8.61,0.72,2.09,84,10856,1022,"Mina stampede – 2,400+ deaths; crane collapse",0.4818,49.26,11.972,15.831,1,0,2548.3,Negative
2016,Yemen,28383,44.2,57.2,4,132,710.0,7.48,0.94,2.24,256,13271,565,Normal year,-0.3337,48.75,1.409,2.501,0,0,4675.69,Negative
2017,Yemen,36088,41.4,52.5,6,167,1190.0,3.72,0.76,3.02,153,5053,866,Normal year,0.2715,45.28,1.663,3.297,0,0,1400.19,Neutral
2018,Yemen,32672,41.5,39.7,3,183,1789.0,6.09,0.66,3.14,154,12626,576,Normal year,-0.0947,40.87,0.918,5.476,0,0,3864.47,Neutral
2019,Yemen,37058,44.5,29.1,3,203,1253.0,8.31,0.73,3.96,192,6496,838,Normal year,0.1342,39.11,0.81,3.381,0,0,1752.93,Neutral
2020,Yemen,3,40.9,32.9,0,0,0.0,1.79,0.06,2.3,249,13652,0,"COVID restrictions, minimal pilgrims",-0.9999,38.1,0.0,0.0,0,1,45506666.67,Negative
2021,Yemen,25,41.1,32.8,0,0,1.0,1.07,0.05,3.59,229,10063,0,COVID – vaccinated pilgrims only,7.3333,38.2,0.0,4.0,0,1,4025200.0,Neutral
2022,Yemen,17827,41.8,36.3,2,80,337.0,2.67,0.79,4.94,147,5057,391,Normal year,712.08,39.88,1.122,1.89,0,0,2836.71,Positive
2023,Yemen,38111,46.2,44.5,7,218,769.0,9.3,0.91,3.72,272,5957,733,Normal year,1.1378,45.6,1.837,2.018,0,0,1563.07,Neutral
2024,Yemen,34273,50.9,49.9,72,167,9489.0,9.0,0.74,2.17,300,11901,824,"Record heat wave 51°C – 1,300+ deaths",-0.1007,50.55,21.008,27.687,1,0,3472.41,Negative
2025,Yemen,38734,45.2,35.3,7,106,2135.0,7.22,0.9,4.33,272,17709,813,Normal year,0.1302,41.74,1.807,5.512,0,0,4571.95,Positive
