year,country,pilgrim_count,temperature_c,humidity_pct,safety_incidents,transport_trips,hospital_visits,crowd_density_score,accommodation_utilization,feedback_score,water_stations,medical_teams_deployed,buses_allocated,note
2000,Indonesia,248133,42.8,26.8,21,798,,7.45,0.88,3.42,238,4250,4253,Normal year
2000,Pakistan,181015,44.0,36.9,21,464,9061.0,5.7,0.78,3.13,199,6669,4086,Normal year
2000,India,177776,42.5,40.5,35,863,6067.0,7.11,0.86,,176,8071,3887,Normal year
2000,Bangladesh,132042,43.8,40.1,14,348,6403.0,4.67,0.7,3.83,125,7128,2280,Normal year
2000,Nigeria,110146,43.5,18.8,19,478,,3.84,0.67,4.71,228,8504,1908,Normal year
2000,Egypt,115029,43.8,50.3,10,573,2084.0,3.92,0.7,2.36,145,4543,2838,Normal year
2000,Turkey,94461,41.9,34.6,18,237,3848.0,,0.91,2.32,191,3036,1977,Normal year
2000,Iran,95833,43.8,55.1,23,411,3149.0,3.64,0.78,3.01,127,3556,1692,Normal year
2000,Morocco,77489,40.6,51.4,17,354,3584.0,3.3,0.83,4.61,86,10791,1303,Normal year
2000,Malaysia,76877,40.8,46.7,12,358,1637.0,5.08,0.91,4.82,146,9816,1677,Normal year
2000,Algeria,68780,41.3,20.6,11,361,,6.08,0.94,3.76,139,7236,1542,Normal year
2000,Sudan,59762,41.2,37.3,8,347,1517.0,3.27,0.82,4.71,128,2300,1176,Normal year
2000,Saudi Arabia,55028,40.4,35.3,12,309,992.0,9.02,0.79,2.15,130,8613,956,Normal year
2000,Iraq,43939,42.2,26.1,3,172,863.0,5.94,0.81,3.23,153,11136,774,Normal year
2000,Yemen,32290,42.1,33.5,2,97,1912.0,4.93,0.68,2.14,164,11930,548,Normal year
2000,Senegal,33910,42.9,46.4,7,189,1903.0,2.31,0.92,4.97,180,6560,791,Normal year
2000,Kazakhstan,24193,41.4,55.4,4,123,642.0,6.57,0.97,4.22,198,4315,492,Normal year
2000,Tunisia,24616,42.8,64.5,4,87,1459.0,3.65,0.92,3.25,127,4772,446,Normal year
2000,Libya,23792,41.3,47.0,5,124,1284.0,9.1,0.8,2.29,177,7332,427,Normal year
2000,Afghanistan,18357,43.7,38.1,3,63,,6.49,0.73,3.39,186,10801,319,Normal year
2001,Indonesia,207686,41.9,41.0,49,1034,11373.0,5.39,0.79,3.37,224,8504,3529,Post 9/11 security heightened
2001,Pakistan,182169,42.5,26.9,27,518,12532.0,4.65,0.81,3.52,134,2629,3050,Post 9/11 security heightened
2001,India,163782,40.2,43.8,28,896,,9.42,0.86,4.25,120,3825,3575,Post 9/11 security heightened
2001,Bangladesh,111038,41.6,23.3,21,394,4058.0,2.18,0.69,4.12,223,8806,2547,Post 9/11 security heightened
2001,Nigeria,95842,41.5,24.4,36,276,5585.0,7.25,0.82,2.84,193,5196,1996,Post 9/11 security heightened
2001,Egypt,102318,41.4,43.2,44,312,5067.0,2.97,0.76,,91,3634,2471,Post 9/11 security heightened
2001,Turkey,88367,41.3,40.2,22,312,2841.0,5.78,0.93,2.29,167,7387,1530,Post 9/11 security heightened
2001,Iran,84019,42.6,28.5,12,316,5426.0,8.68,0.73,4.09,217,6406,1433,Post 9/11 security heightened
2001,Morocco,73561,40.4,61.6,16,260,5055.0,6.43,0.66,3.96,175,4834,1800,Post 9/11 security heightened
2001,Malaysia,64769,39.0,38.5,25,219,1520.0,4.34,0.89,2.55,113,3589,1131,Post 9/11 security heightened
2001,Algeria,66463,40.2,42.7,28,354,2113.0,5.6,0.92,3.51,185,5568,1151,Post 9/11 security heightened
2001,Sudan,47489,39.8,29.1,19,160,2874.0,5.59,0.75,3.26,146,5232,1150,Post 9/11 security heightened
2001,Saudi Arabia,44349,42.0,39.6,18,240,,2.15,0.71,3.52,114,11121,883,Post 9/11 security heightened
2001,Iraq,35971,40.1,62.7,10,178,,4.11,0.9,2.9,85,7826,742,Post 9/11 security heightened
2001,Yemen,28101,40.7,26.7,11,115,794.0,4.7,0.78,3.91,233,3421,575,Post 9/11 security heightened
2001,Senegal,25453,40.1,32.5,4,65,1723.0,9.29,0.91,2.37,228,4065,550,Post 9/11 security heightened
2001,Kazakhstan,22877,42.1,32.1,9,67,1151.0,7.59,0.82,2.89,143,5855,563,Post 9/11 security heightened
2001,Tunisia,19564,41.2,51.3,5,84,1475.0,,0.81,3.34,136,6056,336,Post 9/11 security heightened
2001,Libya,17019,40.0,54.3,4,96,352.0,2.14,0.95,4.67,114,9719,338,Post 9/11 security heightened
2001,Afghanistan,16291,39.7,34.1,3,86,700.0,8.07,0.97,3.83,132,11137,349,Post 9/11 security heightened
2002,Indonesia,236041,39.8,28.4,52,1297,5688.0,6.81,0.75,4.18,109,9287,5110,Normal year
2002,Pakistan,163856,39.4,64.4,27,419,,9.29,0.92,2.25,104,7849,3621,Normal year
2002,India,169606,38.0,58.0,16,492,10012.0,6.82,0.98,3.3,136,11501,3538,Normal year
2002,Bangladesh,124234,40.2,32.5,19,475,2928.0,2.31,0.71,3.87,145,7838,2340,Normal year
2002,Nigeria,116958,40.3,51.4,12,684,1818.0,,0.81,2.7,152,11998,2368,Normal year
2002,Egypt,88590,41.6,58.8,21,479,3248.0,9.18,0.8,2.74,191,4622,1755,Normal year
2002,Turkey,83827,41.8,38.1,16,300,2735.0,6.69,0.76,4.21,99,3876,1547,Normal year
2002,Iran,77762,38.9,29.8,7,428,3302.0,3.18,0.82,4.78,236,7558,1448,Normal year
2002,Morocco,65559,40.9,34.4,8,296,3408.0,3.5,0.79,4.25,187,3725,1409,Normal year
2002,Malaysia,60121,38.7,41.6,14,171,2715.0,7.13,0.72,2.14,143,8721,1262,Normal year
2002,Algeria,69723,38.9,42.2,9,325,,8.02,0.8,2.56,233,4088,1692,Normal year
2002,Sudan,49713,40.1,41.4,6,209,1092.0,6.22,0.8,3.68,235,6572,909,Normal year
2002,Saudi Arabia,46865,41.8,42.8,5,237,1791.0,4.11,0.66,3.78,133,2799,936,Normal year
2002,Iraq,39801,38.7,18.8,5,197,998.0,4.06,0.81,2.61,174,8762,937,Normal year
2002,Yemen,35425,38.6,32.8,4,114,1584.0,4.02,0.86,4.09,144,7695,706,Normal year
2002,Senegal,29328,38.1,58.7,6,98,,7.67,0.69,2.68,86,6848,637,Normal year
2002,Kazakhstan,27541,39.4,58.1,4,160,1048.0,4.94,0.74,3.6,106,9644,539,Normal year
2002,Tunisia,22352,38.8,53.2,1,89,1057.0,7.51,0.85,4.33,156,7552,522,Normal year
2002,Libya,20536,40.2,44.9,2,103,910.0,2.56,0.99,4.63,217,5311,371,Normal year
2002,Afghanistan,17414,40.5,34.6,1,90,1041.0,8.68,0.94,2.38,160,10391,331,Normal year
2003,Indonesia,171782,37.6,29.6,27,735,,2.85,0.85,,180,2924,3126,Normal year
2003,Pakistan,172957,38.9,37.1,25,710,7742.0,7.61,0.81,4.57,216,3063,3970,Normal year
2003,India,151824,38.2,62.8,13,646,6997.0,8.15,0.99,3.44,204,6022,2654,Normal year
2003,Bangladesh,111879,38.2,46.3,26,642,2822.0,4.61,0.74,4.06,209,7500,2434,Normal year
2003,Nigeria,86127,38.6,50.1,9,466,2034.0,8.9,0.85,3.8,111,10522,1925,Normal year
2003,Egypt,91101,41.0,54.8,14,334,2934.0,3.66,0.8,2.73,88,2037,2186,Normal year
2003,Turkey,81851,39.9,64.2,7,483,2307.0,,0.89,4.94,118,2570,1837,Normal year
2003,Iran,66804,39.1,56.0,12,208,1233.0,6.62,0.89,4.23,166,8763,1155,Normal year
2003,Morocco,71767,38.5,57.7,9,259,1864.0,5.84,0.97,,234,5704,1563,Normal year
2003,Malaysia,57279,38.9,35.5,5,210,1123.0,5.5,0.87,2.25,86,2489,1355,Normal year
2003,Algeria,55931,39.7,52.2,12,307,,5.73,0.92,3.28,205,8669,971,Normal year
2003,Sudan,45494,37.6,48.5,8,217,783.0,3.32,0.88,3.54,128,8828,779,Normal year
2003,Saudi Arabia,37858,40.5,32.6,5,118,1326.0,5.66,0.88,2.92,208,10623,735,Normal year
2003,Iraq,32490,37.4,56.7,4,184,1807.0,7.95,0.98,3.34,232,7407,762,Normal year
2003,Yemen,31930,38.6,60.5,4,117,1668.0,3.06,0.78,4.33,104,5550,750,Normal year
2003,Senegal,24111,39.2,56.4,2,95,1410.0,3.17,0.93,3.03,116,7436,423,Normal year
2003,Kazakhstan,20828,39.2,40.1,5,77,,6.27,0.95,4.47,151,4764,477,Normal year
2003,Tunisia,19980,39.0,42.5,4,113,991.0,9.0,0.83,3.6,116,9842,341,Normal year
2003,Libya,19018,37.2,51.4,1,105,434.0,3.33,0.77,2.3,138,3699,373,Normal year
2003,Afghanistan,15119,40.5,34.5,3,86,619.0,9.13,0.88,3.56,131,3845,323,Normal year
2004,Indonesia,250953,38.9,20.8,52,1466,12147.0,4.58,0.81,3.34,104,5253,5275,Normal year
2004,Pakistan,203688,36.5,48.8,41,516,6186.0,7.06,0.9,3.82,167,2935,4141,Normal year
2004,India,180491,38.7,28.0,32,792,4110.0,8.54,0.72,3.81,104,9037,3378,Normal year
2004,Bangladesh,114927,38.6,45.3,27,637,3157.0,5.59,0.95,2.21,97,3760,2017,Normal year
2004,Nigeria,104439,37.9,27.3,18,290,4122.0,7.49,0.79,,92,8848,2115,Normal year
2004,Egypt,95071,38.8,55.8,19,302,1664.0,5.99,0.95,4.28,114,9286,2318,Normal year
2004,Turkey,99304,38.8,26.7,19,434,5456.0,7.54,0.93,3.34,141,9409,2473,Normal year
2004,Iran,84376,38.5,43.2,20,272,1298.0,8.51,0.96,3.18,145,6177,1525,Normal year
2004,Morocco,71090,39.7,30.9,15,320,1802.0,2.11,0.82,2.71,202,3345,1537,Normal year
2004,Malaysia,66180,39.8,22.2,13,219,,3.05,0.76,2.78,178,10931,1628,Normal year
2004,Algeria,60135,38.9,46.0,13,193,3528.0,7.53,0.98,3.22,224,4636,1127,Normal year
2004,Sudan,57771,37.7,43.1,7,277,1417.0,8.52,0.79,4.78,84,9875,1088,Normal year
2004,Saudi Arabia,47263,39.7,56.5,5,193,2386.0,9.27,0.76,3.12,177,11964,809,Normal year
2004,Iraq,43965,39.6,28.0,6,142,942.0,8.47,0.78,4.51,82,10177,797,Normal year
2004,Yemen,35254,39.6,64.9,7,117,2073.0,8.13,0.85,,148,2407,605,Normal year
2004,Senegal,28208,39.8,39.0,6,107,1304.0,5.25,0.72,2.95,95,3949,496,Normal year
2004,Kazakhstan,26397,39.2,42.8,5,123,805.0,2.12,0.74,2.42,106,2481,507,Normal year
2004,Tunisia,25725,36.5,50.9,3,88,1138.0,4.0,0.96,4.09,105,9649,590,Normal year
2004,Libya,18792,38.4,26.5,2,89,657.0,8.08,0.89,3.73,109,11747,433,Normal year
2004,Afghanistan,15518,39.4,33.4,3,78,892.0,5.66,0.91,2.54,145,9600,265,Normal year
2005,Indonesia,238372,38.5,35.6,32,1403,6116.0,9.28,0.9,2.83,167,8709,5361,Normal year
2005,Pakistan,221240,36.9,37.2,49,917,6482.0,6.41,0.95,2.43,209,9495,4629,Normal year
2005,India,207837,38.4,25.8,48,1126,3740.0,8.69,0.8,2.01,123,4155,3676,Normal year
2005,Bangladesh,147135,38.5,60.9,14,585,3897.0,3.8,0.94,3.63,196,9795,2530,Normal year
2005,Nigeria,129416,35.3,27.4,30,617,7223.0,3.36,0.98,3.1,141,2524,2407,Normal year
2005,Egypt,101805,37.5,38.7,21,479,5680.0,2.5,0.94,2.79,95,3015,2413,Normal year
2005,Turkey,91712,37.8,51.4,22,468,4866.0,9.24,0.76,2.86,94,6540,1616,Normal year
2005,Iran,95486,37.7,31.2,10,483,5722.0,3.07,0.75,4.47,189,6076,2108,Normal year
2005,Morocco,79918,37.9,33.1,7,437,4685.0,3.48,0.73,2.72,171,4652,1462,Normal year
2005,Malaysia,71534,38.3,49.0,17,203,1415.0,2.28,0.71,4.19,201,8831,1517,Normal year
2005,Algeria,67727,36.8,38.5,14,384,2183.0,2.12,0.7,3.24,215,8806,1280,Normal year
2005,Sudan,48379,35.9,24.9,11,220,898.0,9.4,0.9,3.97,150,6158,970,Normal year
2005,Saudi Arabia,55036,38.0,51.9,13,255,2791.0,4.96,0.9,2.34,113,5231,1357,Normal year
2005,Iraq,48094,38.5,45.5,6,271,1698.0,6.6,0.81,4.44,155,5756,905,Normal year
2005,Yemen,35941,36.4,31.5,3,146,2096.0,2.32,0.79,3.49,100,4466,734,Normal year
2005,Senegal,34906,38.0,21.2,3,137,1779.0,9.0,0.83,2.24,194,8637,624,Normal year
2005,Kazakhstan,30213,38.5,34.0,5,94,1227.0,6.41,0.99,4.74,127,7553,734,Normal year
2005,Tunisia,28650,37.9,32.7,6,129,1247.0,3.5,0.8,3.36,114,10273,554,Normal year
2005,Libya,21294,38.4,49.0,2,108,1218.0,3.22,0.81,2.7,164,10224,435,Normal year
2005,Afghanistan,20266,35.8,36.2,3,59,1195.0,2.34,0.92,2.66,132,11049,370,Normal year
2006,Indonesia,216537,37.3,51.1,319,1140,14021.0,5.51,0.93,2.95,124,10487,4627,Mina stampede – 346 deaths
2006,Pakistan,190953,39.3,60.5,300,582,17122.0,7.51,0.81,2.67,208,4558,3766,Mina stampede – 346 deaths
2006,India,168156,39.0,60.7,293,576,26718.0,4.06,0.93,2.42,135,2945,4169,Mina stampede – 346 deaths
2006,Bangladesh,137498,36.8,37.9,111,540,13024.0,2.04,0.73,2.1,213,7946,2518,Mina stampede – 346 deaths
2006,Nigeria,98145,37.4,64.8,116,441,12566.0,5.17,0.69,2.44,94,2243,1990,Mina stampede – 346 deaths
2006,Egypt,106182,37.3,36.9,217,591,17656.0,7.69,0.75,2.21,150,4594,2428,Mina stampede – 346 deaths
2006,Turkey,99508,38.9,24.4,206,306,6484.0,3.52,0.67,3.26,115,8575,2292,Mina stampede – 346 deaths
2006,Iran,89292,39.4,40.1,91,337,22088.0,2.03,0.81,2.61,108,6949,1545,Mina stampede – 346 deaths
2006,Morocco,71161,36.9,21.7,52,309,10790.0,6.87,0.76,3.47,110,8186,1222,Mina stampede – 346 deaths
2006,Malaysia,70152,38.2,60.2,90,268,14695.0,5.47,0.85,3.12,191,3603,1289,Mina stampede – 346 deaths
2006,Algeria,67023,37.5,35.3,113,272,15354.0,5.72,0.72,3.6,161,9193,1442,Mina stampede – 346 deaths
2006,Sudan,48960,36.4,24.7,63,139,10310.0,4.93,0.98,3.78,162,8275,976,Mina stampede – 346 deaths
2006,Saudi Arabia,50917,36.2,52.4,41,190,5120.0,8.12,0.96,2.81,81,2823,934,Mina stampede – 346 deaths
2006,Iraq,43898,39.4,46.4,52,197,3326.0,4.4,0.91,,107,2868,1081,Mina stampede – 346 deaths
2006,Yemen,30364,38.5,38.7,54,162,4474.0,9.39,0.83,2.76,87,7275,526,Mina stampede – 346 deaths
2006,Senegal,31621,37.0,52.1,30,88,5501.0,7.07,0.72,3.0,208,7486,539,Mina stampede – 346 deaths
2006,Kazakhstan,25479,39.6,26.4,39,125,5934.0,5.64,0.95,3.04,171,3091,487,Mina stampede – 346 deaths
2006,Tunisia,21407,37.6,62.7,33,105,1529.0,7.94,0.67,3.36,189,2879,368,Mina stampede – 346 deaths
2006,Libya,18284,37.8,49.1,29,106,2680.0,6.91,0.96,3.63,138,2787,352,Mina stampede – 346 deaths
2006,Afghanistan,18108,36.8,19.8,34,85,4502.0,9.26,0.91,2.44,231,9776,416,Mina stampede – 346 deaths
2007,Indonesia,235235,39.6,22.2,39,1274,7991.0,2.48,0.95,4.62,204,6771,5878,Normal year
2007,Pakistan,166054,38.3,63.9,14,954,2830.0,9.09,0.77,4.14,109,10682,3289,Normal year
2007,India,183794,40.7,50.5,29,597,7694.0,3.91,0.67,4.86,148,3101,3236,Normal year
2007,Bangladesh,130019,39.0,37.7,27,704,5700.0,8.88,0.83,3.56,197,6839,2653,Normal year
2007,Nigeria,115013,39.0,31.5,27,612,4144.0,8.87,0.73,4.56,235,4150,2582,Normal year
2007,Egypt,111497,38.7,62.8,27,340,6452.0,7.74,0.77,3.58,184,10745,2233,Normal year
2007,Turkey,88802,40.5,57.9,13,299,1961.0,8.87,0.97,3.82,127,4730,1936,Normal year
2007,Iran,84981,38.9,22.3,17,396,3095.0,3.92,0.98,3.58,203,8255,1719,Normal year
2007,Morocco,81557,40.2,49.5,15,212,4488.0,6.2,0.81,3.0,149,6696,1465,Normal year
2007,Malaysia,72481,41.0,51.5,8,212,2771.0,7.72,0.82,4.34,228,11210,1331,Normal year
2007,Algeria,61992,38.6,62.2,10,272,1854.0,8.53,0.91,3.93,183,5178,1378,Normal year
2007,Sudan,49269,37.0,26.1,8,277,958.0,3.58,0.83,4.42,135,11023,1076,Normal year
2007,Saudi Arabia,46558,39.1,34.6,8,154,2211.0,3.09,0.71,2.2,124,2852,1027,Normal year
2007,Iraq,40732,37.1,58.1,5,233,1113.0,9.2,0.82,3.15,235,8808,785,Normal year
2007,Yemen,33049,37.6,58.3,7,122,1689.0,6.86,0.66,3.92,81,4205,609,Normal year
2007,Senegal,31653,39.0,56.9,4,161,550.0,8.05,0.84,2.7,180,10739,711,Normal year
2007,Kazakhstan,25689,40.3,50.2,3,110,1310.0,6.94,0.93,3.68,120,9520,486,Normal year
2007,Tunisia,25229,37.9,29.9,4,71,390.0,8.32,0.79,3.57,130,4474,536,Normal year
2007,Libya,21114,39.1,38.4,4,81,411.0,7.21,0.73,2.62,195,9940,354,Normal year
2007,Afghanistan,15324,38.6,19.4,2,43,326.0,5.84,0.86,,159,6199,286,Normal year
2008,Indonesia,243069,39.6,32.2,56,1129,8986.0,7.08,0.81,2.45,96,4779,4198,Normal year
2008,Pakistan,180342,39.9,36.5,40,482,6603.0,9.19,0.89,3.63,92,5851,3351,Normal year
2008,India,175566,40.5,64.2,37,441,3657.0,8.21,0.84,2.46,167,6651,3506,Normal year
2008,Bangladesh,120941,40.3,28.0,28,622,6614.0,8.71,0.67,4.15,209,6840,2508,Normal year
2008,Nigeria,114738,39.3,48.3,22,460,6609.0,3.73,0.67,2.82,177,11127,2577,Normal year
2008,Egypt,109306,38.3,46.5,26,311,4929.0,4.73,0.88,4.0,216,6941,1957,Normal year
2008,Turkey,96842,40.1,35.5,8,396,4062.0,6.21,0.9,2.82,238,9894,1831,Normal year
2008,Iran,83119,39.0,52.7,15,357,3462.0,3.21,0.84,4.28,141,3118,1919,Normal year
2008,Morocco,74162,41.0,42.7,9,316,2651.0,7.53,0.83,3.81,117,10194,1380,Normal year
2008,Malaysia,71053,40.2,21.9,16,305,2677.0,6.95,0.76,2.98,111,9844,1530,Normal year
2008,Algeria,75037,41.7,26.0,6,288,2126.0,7.79,0.85,2.34,83,5499,1570,Normal year
2008,Sudan,47856,38.9,43.9,9,210,1333.0,4.48,0.82,4.94,123,4980,1092,Normal year
2008,Saudi Arabia,53641,39.0,59.4,6,137,1538.0,8.69,0.85,3.09,138,9167,935,Normal year
2008,Iraq,45723,40.0,46.6,7,198,2212.0,2.13,0.75,3.96,83,2036,923,Normal year
2008,Yemen,39145,40.3,40.8,8,220,821.0,8.53,0.77,3.41,101,10252,907,Normal year
2008,Senegal,30603,39.4,21.3,7,84,1304.0,3.77,0.89,3.19,200,2457,518,Normal year
2008,Kazakhstan,27276,38.2,55.8,4,87,940.0,2.74,0.98,4.39,193,5955,502,Normal year
2008,Tunisia,27058,41.5,27.9,2,126,431.0,9.04,0.88,4.36,185,11913,509,Normal year
2008,Libya,21161,39.2,35.5,2,113,1227.0,7.39,0.69,2.34,195,4165,371,Normal year
2008,Afghanistan,17127,41.0,43.7,3,59,607.0,4.04,0.91,2.79,171,6757,330,Normal year
2009,Indonesia,193377,39.3,39.7,56,570,13622.0,6.2,0.81,3.47,139,4576,3678,H1N1 flu precautions
2009,Pakistan,161631,41.3,36.2,29,573,19917.0,6.54,0.9,3.92,191,11039,3362,H1N1 flu precautions
2009,India,173457,40.9,55.6,83,682,21982.0,5.43,0.81,4.75,129,10901,3633,H1N1 flu precautions
2009,Bangladesh,125541,41.1,26.4,45,753,19112.0,6.27,0.87,4.52,89,2819,2121,H1N1 flu precautions
2009,Nigeria,99702,42.0,34.1,42,355,11235.0,9.43,0.88,2.77,100,4915,1950,H1N1 flu precautions
2009,Egypt,103379,40.0,38.8,54,613,13762.0,6.5,0.87,3.93,111,9485,2289,H1N1 flu precautions
2009,Turkey,97221,41.8,48.0,37,243,4982.0,7.75,0.92,4.49,213,5225,1854,H1N1 flu precautions
2009,Iran,87981,42.8,45.7,25,280,10309.0,8.1,0.91,3.22,194,9040,1706,H1N1 flu precautions
2009,Morocco,69422,41.6,63.3,32,271,10639.0,3.78,0.97,3.39,205,11174,1246,H1N1 flu precautions
2009,Malaysia,60442,41.0,58.2,22,184,6152.0,8.63,0.98,2.38,172,3516,1358,H1N1 flu precautions
2009,Algeria,65296,42.9,46.8,20,211,6822.0,6.86,0.76,2.94,144,2360,1383,H1N1 flu precautions
2009,Sudan,52036,39.9,37.9,14,261,7690.0,8.84,0.96,4.14,224,7401,994,H1N1 flu precautions
2009,Saudi Arabia,47250,39.9,19.9,15,152,4818.0,2.66,0.71,3.64,212,4144,801,H1N1 flu precautions
2009,Iraq,38212,43.0,56.1,12,115,3548.0,9.22,0.98,2.88,225,9428,813,H1N1 flu precautions
2009,Yemen,30956,41.2,62.8,10,146,4225.0,2.0,0.8,4.97,222,11137,585,H1N1 flu precautions
2009,Senegal,29244,42.1,25.7,11,122,4171.0,9.35,0.78,3.69,118,8815,655,H1N1 flu precautions
2009,Kazakhstan,24755,42.5,50.5,5,141,3877.0,8.36,0.92,2.76,164,5850,452,H1N1 flu precautions
2009,Tunisia,21712,40.4,30.0,8,86,1874.0,9.19,0.98,2.78,198,4291,390,H1N1 flu precautions
2009,Libya,20093,41.6,56.2,4,56,2473.0,6.64,0.86,2.34,220,11803,398,H1N1 flu precautions
2009,Afghanistan,15814,40.1,51.5,3,46,1333.0,8.42,0.86,3.75,236,8925,356,H1N1 flu precautions
2010,Indonesia,219784,43.0,54.0,33,740,9971.0,7.27,0.71,3.19,172,10518,5351,Normal year
2010,Pakistan,188936,42.4,51.4,30,567,4790.0,3.14,0.75,3.65,233,11064,4185,Normal year
2010,India,208241,43.2,35.6,28,912,5760.0,8.04,0.75,2.64,83,6119,4053,Normal year
2010,Bangladesh,129220,41.1,59.0,22,697,5474.0,6.28,0.66,3.14,199,4807,2183,Normal year
2010,Nigeria,125219,41.9,62.7,13,492,3631.0,6.9,0.93,2.69,148,5426,2789,Normal year
2010,Egypt,95644,43.3,21.1,13,387,5020.0,3.89,0.9,4.36,206,8745,2283,Normal year
2010,Turkey,93845,42.8,30.4,9,264,4643.0,7.23,0.78,3.91,236,9981,1876,Normal year
2010,Iran,80795,43.4,46.1,8,244,1942.0,9.01,0.8,4.02,165,10941,1443,Normal year
2010,Morocco,89280,41.9,27.5,11,337,5113.0,5.83,0.8,2.21,221,8478,1863,Normal year
2010,Malaysia,72650,43.6,39.1,10,376,3755.0,6.32,0.94,2.14,90,10631,1248,Normal year
2010,Algeria,60840,41.7,61.5,9,202,964.0,4.22,0.7,2.47,140,7805,1342,Normal year
2010,Sudan,51343,42.4,56.7,4,187,1792.0,7.71,0.85,4.42,179,7516,896,Normal year
2010,Saudi Arabia,53063,43.8,57.8,5,205,1749.0,8.91,0.92,3.55,119,9062,1093,Normal year
2010,Iraq,46610,44.9,62.6,10,271,1129.0,4.39,0.95,2.17,183,9559,894,Normal year
2010,Yemen,37744,43.7,42.5,4,106,1991.0,5.91,0.8,2.31,87,4342,880,Normal year
2010,Senegal,32975,44.6,23.5,4,180,636.0,5.08,0.68,4.88,190,5034,563,Normal year
2010,Kazakhstan,23765,43.9,63.7,5,85,963.0,5.65,0.83,3.11,163,7276,433,Normal year
2010,Tunisia,23873,44.5,37.6,3,78,418.0,2.14,0.81,3.96,91,6807,586,Normal year
2010,Libya,23845,43.3,52.9,3,124,714.0,2.88,0.75,2.97,184,6607,554,Normal year
2010,Afghanistan,16105,42.1,33.8,1,68,930.0,3.67,0.9,3.92,158,6748,394,Normal year
2011,Indonesia,228381,42.1,55.7,50,1167,8482.0,8.86,0.69,4.56,229,11333,4163,Normal year
2011,Pakistan,196397,44.4,40.3,18,523,8650.0,6.09,0.86,3.87,191,7907,3542,Normal year
2011,India,195352,44.8,38.7,23,809,8201.0,3.43,0.91,4.48,187,10215,3283,Normal year
2011,Bangladesh,131031,45.4,60.1,22,613,5469.0,3.8,0.77,4.2,227,11102,3235,Normal year
2011,Nigeria,130348,45.7,38.9,30,735,2923.0,7.6,0.87,3.31,197,5216,3079,Normal year
2011,Egypt,97680,44.7,64.5,9,472,3804.0,4.48,0.93,2.21,108,9884,1825,Normal year
2011,Turkey,92351,42.1,27.0,8,443,4451.0,9.21,0.96,4.26,138,7567,2169,Normal year
2011,Iran,101587,43.9,51.0,19,404,2474.0,7.13,0.93,4.1,151,11155,1798,Normal year
2011,Morocco,83686,43.7,21.0,12,281,1375.0,9.02,0.68,4.53,179,10439,1482,Normal year
2011,Malaysia,78533,45.1,52.4,7,438,3645.0,3.05,0.83,4.62,145,2013,1943,Normal year
2011,Algeria,65234,43.3,42.1,11,250,1720.0,6.91,0.75,3.34,187,9732,1332,Normal year
2011,Sudan,58714,43.6,39.1,11,161,2142.0,7.89,0.92,4.97,83,4422,1378,Normal year
2011,Saudi Arabia,52439,42.7,26.8,8,270,2159.0,2.82,0.7,2.13,133,9897,1290,Normal year
2011,Iraq,48795,42.2,61.6,7,214,1382.0,7.94,0.93,4.28,146,7302,860,Normal year
2011,Yemen,33812,43.1,38.7,3,164,1839.0,5.74,0.96,2.53,166,10100,744,Normal year
2011,Senegal,32737,42.5,46.5,5,150,589.0,9.47,0.81,2.1,222,6123,665,Normal year
2011,Kazakhstan,28665,42.1,20.1,5,119,1165.0,2.55,0.65,2.52,219,6651,528,Normal year
2011,Tunisia,23173,42.7,28.8,4,91,675.0,9.18,0.75,4.08,194,6715,498,Normal year
2011,Libya,22409,43.3,64.4,2,129,1182.0,3.75,0.71,4.84,199,7932,445,Normal year
2011,Afghanistan,16188,42.2,21.4,3,76,795.0,7.98,0.98,4.96,121,3480,335,Normal year
2012,Indonesia,262726,43.7,36.1,55,1353,32311.0,7.12,0.7,2.07,125,6672,4826,MERS cases in Saudi Arabia
2012,Pakistan,180294,45.5,24.5,64,1009,22358.0,4.11,0.86,4.4,159,8744,3825,MERS cases in Saudi Arabia
2012,India,190358,43.8,43.7,42,1115,13478.0,8.08,0.85,4.04,171,6311,3574,MERS cases in Saudi Arabia
2012,Bangladesh,128058,45.7,44.8,44,494,7147.0,8.08,0.98,3.57,124,11807,2200,MERS cases in Saudi Arabia
2012,Nigeria,110260,46.0,47.7,39,481,7902.0,9.44,0.67,2.29,138,8513,2393,MERS cases in Saudi Arabia
2012,Egypt,103584,43.5,32.0,24,388,8066.0,2.74,0.68,4.44,188,3645,1978,MERS cases in Saudi Arabia
2012,Turkey,95328,43.3,37.6,31,503,9395.0,4.55,0.9,2.57,227,5295,1634,MERS cases in Saudi Arabia
2012,Iran,81653,46.2,39.9,18,292,3899.0,6.18,0.9,3.36,106,10349,1522,MERS cases in Saudi Arabia
2012,Morocco,70695,47.0,20.5,20,245,6796.0,7.65,0.85,3.78,127,6947,1332,MERS cases in Saudi Arabia
2012,Malaysia,72944,46.8,41.7,14,408,5960.0,5.23,0.76,3.6,91,2775,1614,MERS cases in Saudi Arabia
2012,Algeria,72353,45.6,20.8,23,430,3786.0,4.08,0.91,3.4,172,4495,1209,MERS cases in Saudi Arabia
2012,Sudan,51068,43.5,18.6,6,232,3212.0,5.18,0.77,3.3,233,10222,866,MERS cases in Saudi Arabia
2012,Saudi Arabia,43311,44.6,44.9,7,114,3101.0,5.82,0.83,2.58,86,9131,980,MERS cases in Saudi Arabia
2012,Iraq,46094,45.1,21.1,14,135,2028.0,4.21,0.76,4.69,210,9931,1067,MERS cases in Saudi Arabia
2012,Yemen,31114,45.6,39.9,9,119,2829.0,5.84,0.84,2.22,200,9389,545,MERS cases in Saudi Arabia
2012,Senegal,31296,43.0,31.9,8,97,3207.0,7.75,0.73,4.57,170,4443,538,MERS cases in Saudi Arabia
2012,Kazakhstan,27795,46.4,39.4,10,117,1244.0,6.17,0.98,3.86,161,6349,588,MERS cases in Saudi Arabia
2012,Tunisia,26196,43.8,40.3,7,70,2921.0,7.29,0.91,4.96,224,9296,607,MERS cases in Saudi Arabia
2012,Libya,23313,43.8,47.9,7,104,2632.0,8.82,0.89,4.59,136,10300,442,MERS cases in Saudi Arabia
2012,Afghanistan,18196,45.4,30.9,3,66,2464.0,5.2,0.77,3.44,239,8951,308,MERS cases in Saudi Arabia
2013,Indonesia,184660,44.6,52.6,37,965,7874.0,6.13,0.85,2.08,132,4678,3966,Normal year
2013,Pakistan,148641,47.5,63.3,29,764,4858.0,5.72,0.74,3.69,122,8128,3382,Normal year
2013,India,145845,47.1,43.1,30,517,4148.0,6.93,0.92,2.53,233,3979,2836,Normal year
2013,Bangladesh,106479,47.9,35.1,25,617,4145.0,3.78,0.72,4.72,122,2490,1902,Normal year
2013,Nigeria,92791,45.0,64.7,10,543,4876.0,5.77,0.74,3.31,183,6922,1712,Normal year
2013,Egypt,79872,47.4,41.5,9,221,2490.0,2.63,0.84,2.11,80,6169,1733,Normal year
2013,Turkey,81592,45.1,53.1,8,465,1400.0,8.92,0.98,3.65,106,4601,1478,Normal year
2013,Iran,68442,45.5,29.0,14,392,2468.0,5.46,0.88,3.15,211,5923,1464,Normal year
2013,Morocco,69151,46.4,26.9,16,395,1613.0,3.3,0.85,3.53,162,9139,1493,Normal year
2013,Malaysia,54442,45.0,63.3,11,174,1866.0,8.78,0.83,4.26,125,8968,992,Normal year
2013,Algeria,58136,45.7,21.0,12,160,1438.0,6.32,0.9,3.34,224,5446,1226,Normal year
2013,Sudan,42276,48.0,55.5,6,160,897.0,4.42,0.85,3.96,85,8756,803,Normal year
2013,Saudi Arabia,35063,47.9,28.0,5,125,1279.0,8.92,0.93,3.97,128,8125,835,Normal year
2013,Iraq,38556,44.4,38.5,4,123,827.0,3.46,0.84,2.13,173,4519,850,Normal year
2013,Yemen,27755,46.7,43.5,5,70,868.0,3.05,0.7,4.44,221,8231,503,Normal year
2013,Senegal,26531,45.2,62.6,3,101,832.0,5.45,0.91,2.77,204,3334,479,Normal year
2013,Kazakhstan,21585,47.1,29.5,4,72,654.0,2.07,0.96,2.75,207,6192,397,Normal year
2013,Tunisia,19485,45.4,22.5,4,57,948.0,8.82,0.7,4.0,189,3743,387,Normal year
2013,Libya,15197,45.8,42.6,2,43,901.0,9.41,0.85,2.87,225,9091,344,Normal year
2013,Afghanistan,12248,46.9,63.6,1,59,212.0,4.51,0.69,2.09,204,3419,241,Normal year
2014,Indonesia,187327,46.3,26.8,25,941,9026.0,2.92,0.92,4.61,149,11441,3633,Normal year
2014,Pakistan,143320,45.6,35.3,28,819,2974.0,4.05,0.88,3.12,138,11902,2407,Normal year
2014,India,147090,47.5,34.0,33,628,6731.0,7.94,0.67,2.74,223,6374,2957,Normal year
2014,Bangladesh,93719,45.2,54.7,19,333,2416.0,7.87,0.79,2.15,161,5903,1713,Normal year
2014,Nigeria,100731,46.4,56.4,9,356,4159.0,8.15,0.94,4.16,117,8752,2471,Normal year
2014,Egypt,88611,46.5,62.5,10,298,5177.0,3.44,0.73,4.06,222,7139,2072,Normal year
2014,Turkey,82267,47.0,47.4,9,355,4643.0,9.12,0.74,2.21,220,3243,1783,Normal year
2014,Iran,63154,48.6,37.4,9,280,1482.0,7.48,0.83,2.91,119,10059,1318,Normal year
2014,Morocco,66635,46.4,25.2,6,228,1040.0,5.21,0.92,3.38,91,11301,1215,Normal year
2014,Malaysia,59413,48.6,29.1,7,347,2399.0,6.98,0.99,4.94,220,4580,1127,Normal year
2014,Algeria,48767,48.7,33.0,11,192,2430.0,5.64,0.71,4.69,165,9728,850,Normal year
2014,Sudan,41968,48.3,56.9,4,135,1920.0,2.78,0.93,3.87,93,3862,725,Normal year
2014,Saudi Arabia,37943,45.6,53.5,6,226,2271.0,8.16,0.87,3.19,92,3502,728,Normal year
2014,Iraq,32595,47.2,19.2,3,190,1763.0,3.14,0.93,2.89,202,2783,566,Normal year
2014,Yemen,28750,47.1,58.0,6,139,708.0,7.14,0.83,2.16,144,11366,596,Normal year
2014,Senegal,22390,46.6,28.3,5,70,545.0,7.22,0.82,4.52,175,4966,521,Normal year
2014,Kazakhstan,19466,48.1,25.6,4,116,623.0,8.76,0.65,3.04,108,3211,372,Normal year
2014,Tunisia,19523,45.6,18.3,2,74,904.0,6.12,0.87,2.6,110,2364,374,Normal year
2014,Libya,15169,45.9,52.8,1,82,512.0,2.76,0.82,3.24,100,7956,266,Normal year
2014,Afghanistan,13869,47.3,60.3,2,81,381.0,9.04,0.9,2.98,106,8438,335,Normal year
2015,Indonesia,294129,47.4,23.1,796,1008,102384.0,8.99,0.8,2.06,185,7388,6379,"Mina stampede – 2,400+ deaths; crane collapse"
2015,Pakistan,198507,44.2,27.0,322,766,33699.0,9.89,0.75,2.01,125,8857,4848,"Mina stampede – 2,400+ deaths; crane collapse"
2015,India,215794,45.6,21.9,442,1150,55961.0,8.94,0.88,2.19,190,6486,4248,"Mina stampede – 2,400+ deaths; crane collapse"
2015,Bangladesh,143548,45.2,23.7,198,851,51781.0,7.53,0.89,1.63,83,7678,3075,"Mina stampede – 2,400+ deaths; crane collapse"
2015,Nigeria,120612,45.0,58.0,211,312,38533.0,9.2,0.88,2.51,149,8559,2046,"Mina stampede – 2,400+ deaths; crane collapse"
2015,Egypt,108945,45.3,28.3,287,323,41635.0,9.83,0.91,2.89,207,10584,2455,"Mina stampede – 2,400+ deaths; crane collapse"
2015,Turkey,94945,44.2,18.9,149,295,23546.0,7.69,0.8,2.51,202,6449,2285,"Mina stampede – 2,400+ deaths; crane collapse"
2015,Iran,91167,44.2,50.5,113,319,20003.0,8.88,0.99,1.54,202,8356,2127,"Mina stampede – 2,400+ deaths; crane collapse"
2015,Morocco,95553,46.6,52.7,107,349,18637.0,7.64,0.86,2.57,218,8843,1664,"Mina stampede – 2,400+ deaths; crane collapse"
2015,Malaysia,71191,45.4,60.5,102,221,25054.0,9.05,0.84,2.85,138,7973,1455,"Mina stampede – 2,400+ deaths; crane collapse"
2015,Algeria,71509,46.7,20.0,186,201,27236.0,8.46,0.85,2.67,147,11908,1295,"Mina stampede – 2,400+ deaths; crane collapse"
2015,Sudan,51748,45.8,57.3,53,278,16121.0,8.85,0.99,2.45,147,4124,904,"Mina stampede – 2,400+ deaths; crane collapse"
2015,Saudi Arabia,60907,46.5,22.6,60,191,8955.0,9.45,0.89,2.81,205,3445,1372,"Mina stampede – 2,400+ deaths; crane collapse"
2015,Iraq,43232,45.7,41.9,98,168,7783.0,7.65,0.65,2.65,157,6964,998,"Mina stampede – 2,400+ deaths; crane collapse"
2015,Yemen,42601,45.8,55.7,51,117,6744.0,8.61,0.72,2.09,84,10856,1022,"Mina stampede – 2,400+ deaths; crane collapse"
2015,Senegal,32011,46.3,22.9,68,171,3138.0,8.9,0.82,2.81,171,9676,647,"Mina stampede – 2,400+ deaths; crane collapse"
2015,Kazakhstan,26260,44.1,18.1,34,69,7747.0,9.49,0.91,1.95,138,6907,595,"Mina stampede – 2,400+ deaths; crane collapse"
2015,Tunisia,24703,44.3,22.8,29,96,4063.0,7.59,0.97,2.38,151,10253,492,"Mina stampede – 2,400+ deaths; crane collapse"
2015,Libya,23256,46.2,33.4,22,63,4822.0,9.83,0.87,1.61,152,3131,495,"Mina stampede – 2,400+ deaths; crane collapse"
2015,Afghanistan,19191,47.8,44.2,25,54,6337.0,7.92,0.82,3.15,238,3407,401,"Mina stampede – 2,400+ deaths; crane collapse"
2016,Indonesia,194285,44.8,57.9,15,858,5221.0,8.11,0.86,3.86,190,8358,4000,Normal year
2016,Pakistan,160836,44.3,43.7,31,839,4229.0,6.56,0.94,3.23,144,13768,3226,Normal year
2016,India,140529,42.9,60.7,13,699,5460.0,5.36,0.96,3.33,203,7021,2456,Normal year
2016,Bangladesh,88459,44.2,18.3,12,281,3172.0,8.25,0.72,4.06,212,12886,1709,Normal year
2016,Nigeria,86054,44.2,21.9,7,350,2494.0,9.17,0.81,4.03,251,11549,1763,Normal year
2016,Egypt,85460,42.9,41.1,14,245,4553.0,3.81,0.89,3.88,219,5217,1535,Normal year
2016,Turkey,76732,42.2,27.7,7,227,2008.0,6.02,0.94,4.68,160,11842,1663,Normal year
2016,Iran,62556,42.5,47.9,14,159,1863.0,5.68,0.89,3.84,206,6879,1319,Normal year
2016,Morocco,60229,45.9,24.5,5,270,1039.0,6.61,0.91,2.22,258,11374,1423,Normal year
2016,Malaysia,56400,44.4,54.1,8,281,2212.0,4.17,0.92,3.25,155,10623,987,Normal year
2016,Algeria,52040,45.4,29.5,5,300,1729.0,2.04,0.98,2.18,226,12759,1201,Normal year
2016,Sudan,39823,42.9,46.6,8,115,2346.0,8.44,0.66,4.38,177,7391,772,Normal year
2016,Saudi Arabia,38118,45.3,58.4,7,221,2051.0,9.02,0.66,4.73,241,10137,683,Normal year
2016,Iraq,30065,42.1,62.9,3,172,828.0,7.35,0.74,3.89,225,8335,659,Normal year
2016,Yemen,28383,44.2,57.2,4,132,710.0,7.48,0.94,2.24,256,13271,565,Normal year
2016,Senegal,23621,46.0,44.7,4,135,1313.0,8.7,0.7,2.52,177,7043,472,Normal year
2016,Kazakhstan,21551,42.7,37.3,2,115,766.0,8.18,0.74,2.25,198,13537,369,Normal year
2016,Tunisia,17540,42.8,62.1,1,103,548.0,4.25,0.79,4.73,235,7954,297,Normal year
2016,Libya,14219,43.1,64.6,3,73,222.0,5.64,0.69,3.05,192,10600,279,Normal year
2016,Afghanistan,11837,43.7,30.1,1,59,554.0,3.13,0.87,4.83,205,6646,290,Normal year
2017,Indonesia,244856,43.5,51.7,30,1359,8016.0,3.76,0.73,4.35,195,13492,5206,Normal year
2017,Pakistan,171139,41.1,28.2,17,579,3885.0,4.88,0.91,4.86,173,12938,3076,Normal year
2017,India,195146,44.2,34.1,42,977,7340.0,7.88,0.69,3.69,175,10333,4050,Normal year
2017,Bangladesh,133191,42.5,41.1,12,792,7497.0,7.92,0.94,4.18,170,12382,2658,Normal year
2017,Nigeria,116465,42.3,33.2,23,637,3625.0,6.12,0.83,3.71,227,13687,2119,Normal year
2017,Egypt,98525,41.7,51.2,23,459,3546.0,2.61,0.9,3.7,215,5643,1981,Normal year
2017,Turkey,107561,42.4,21.7,17,499,3486.0,4.26,0.67,2.78,182,7128,2180,Normal year
2017,Iran,81477,43.1,57.0,9,401,3914.0,3.89,0.68,4.88,146,8849,1660,Normal year
2017,Morocco,80824,42.4,46.3,17,294,4820.0,3.38,0.77,4.95,159,8283,1775,Normal year
2017,Malaysia,61671,43.9,18.3,10,163,3341.0,3.5,0.86,2.56,258,13280,1163,Normal year
2017,Algeria,66244,43.8,20.7,11,277,2611.0,8.09,0.91,3.6,223,11773,1461,Normal year
2017,Sudan,51783,42.3,31.8,10,237,1675.0,7.33,0.78,2.44,155,12638,944,Normal year
2017,Saudi Arabia,50033,42.3,57.1,6,137,1314.0,9.09,0.75,2.94,177,13263,942,Normal year
2017,Iraq,45348,44.0,60.3,9,179,708.0,6.74,0.95,2.28,143,11132,790,Normal year
2017,Yemen,36088,41.4,52.5,6,167,1190.0,3.72,0.76,3.02,153,5053,866,Normal year
2017,Senegal,31028,42.9,28.8,2,90,484.0,4.86,0.81,3.23,185,9520,708,Normal year
2017,Kazakhstan,23686,43.9,30.2,4,136,1364.0,4.16,0.74,4.25,200,13896,396,Normal year
2017,Tunisia,25867,44.3,37.3,4,149,482.0,4.65,0.96,2.76,254,12124,563,Normal year
2017,Libya,22981,43.1,20.0,5,120,567.0,8.22,0.97,3.54,231,13329,431,Normal year
2017,Afghanistan,16832,45.0,56.4,2,57,376.0,2.04,0.91,4.66,184,12568,366,Normal year
2018,Indonesia,263788,40.5,40.2,53,1285,14381.0,7.26,0.83,3.32,248,7929,4885,Normal year
2018,Pakistan,209654,41.3,41.6,36,1013,3148.0,3.46,0.79,2.64,156,13851,4690,Normal year
2018,India,190131,42.1,38.8,19,1044,7846.0,2.71,0.67,2.46,186,11245,3828,Normal year
2018,Bangladesh,125079,41.2,21.0,22,568,6427.0,6.85,0.76,2.71,217,13862,2923,Normal year
2018,Nigeria,120331,40.8,18.1,22,438,3218.0,5.06,0.87,2.94,253,6636,2170,Normal year
2018,Egypt,117742,40.6,29.9,23,597,6282.0,2.56,0.68,5.0,159,9906,2186,Normal year
2018,Turkey,97859,40.8,32.4,22,253,2842.0,8.53,0.91,4.88,230,9706,1706,Normal year
2018,Iran,89637,43.6,40.5,10,429,2206.0,4.55,0.71,3.74,231,10327,1871,Normal year
2018,Morocco,73930,40.9,59.7,15,337,4088.0,2.42,0.76,3.22,221,10534,1345,Normal year
2018,Malaysia,69647,41.9,41.3,15,196,3106.0,4.71,0.75,3.51,257,13443,1317,Normal year
2018,Algeria,72424,41.7,50.3,7,245,3142.0,4.86,0.9,3.0,169,13110,1726,Normal year
2018,Sudan,50956,42.4,36.1,11,131,1832.0,2.45,0.79,3.99,180,9092,981,Normal year
2018,Saudi Arabia,54579,40.4,31.3,12,325,3235.0,4.31,0.67,3.39,240,11630,1085,Normal year
2018,Iraq,43561,42.6,44.6,8,119,2307.0,7.59,0.88,4.67,186,9175,841,Normal year
2018,Yemen,32672,41.5,39.7,3,183,1789.0,6.09,0.66,3.14,154,12626,576,Normal year
2018,Senegal,28527,42.9,62.3,2,146,1528.0,4.6,0.93,2.16,248,6226,701,Normal year
2018,Kazakhstan,25715,41.1,51.0,4,136,971.0,2.36,0.73,3.01,246,5917,491,Normal year
2018,Tunisia,23960,42.9,39.7,3,108,1146.0,4.02,0.95,2.45,149,7308,491,Normal year
2018,Libya,19287,43.8,61.7,1,74,568.0,4.19,0.95,2.2,220,11187,332,Normal year
2018,Afghanistan,16029,40.3,49.6,2,78,766.0,5.54,0.9,2.14,217,8921,386,Normal year
2019,Indonesia,246329,42.7,58.8,30,681,6390.0,5.26,0.68,2.85,215,8811,5617,Normal year
2019,Pakistan,216843,44.5,58.7,21,700,12156.0,6.39,0.8,3.52,194,10875,4251,Normal year
2019,India,217876,42.6,38.7,41,638,6452.0,7.48,0.91,2.6,180,8618,4793,Normal year
2019,Bangladesh,131769,44.3,41.0,14,331,6754.0,7.87,0.82,4.87,244,10168,3131,Normal year
2019,Nigeria,133793,41.1,42.1,24,452,5059.0,3.99,0.68,4.59,215,7595,2726,Normal year
2019,Egypt,103508,43.0,48.6,25,578,4714.0,9.41,0.9,4.34,230,8491,2252,Normal year
2019,Turkey,94469,41.6,61.1,8,355,4983.0,4.94,0.75,3.74,251,8961,1581,Normal year
2019,Iran,92564,42.9,43.3,17,364,5021.0,8.04,0.78,2.71,154,12692,1832,Normal year
2019,Morocco,83064,43.5,40.0,11,432,4969.0,9.23,0.9,2.45,238,10204,1666,Normal year
2019,Malaysia,68552,41.5,28.8,7,346,2936.0,3.53,0.79,2.06,180,5838,1471,Normal year
2019,Algeria,69231,43.0,36.6,7,315,2814.0,6.42,0.91,4.78,194,11179,1457,Normal year
2019,Sudan,54370,44.0,36.7,12,316,1562.0,6.5,0.96,4.71,164,9611,1023,Normal year
2019,Saudi Arabia,55453,41.1,52.3,13,314,1167.0,8.54,0.72,2.09,165,10778,945,Normal year
2019,Iraq,49577,43.3,21.7,11,156,1206.0,2.9,0.68,4.67,171,11674,887,Normal year
2019,Yemen,37058,44.5,29.1,3,203,1253.0,8.31,0.73,3.96,192,6496,838,Normal year
2019,Senegal,35347,41.5,60.7,8,132,2063.0,3.03,0.78,4.56,233,11147,719,Normal year
2019,Kazakhstan,30359,41.2,24.4,3,171,1344.0,6.95,0.94,4.95,234,9454,669,Normal year
2019,Tunisia,26104,41.8,32.1,2,133,1108.0,2.51,0.87,2.08,155,8503,458,Normal year
2019,Libya,23952,41.2,39.3,5,119,397.0,5.66,0.79,4.98,164,8579,507,Normal year
2019,Afghanistan,20745,42.7,20.6,1,96,909.0,2.25,0.83,2.99,209,11827,423,Normal year
2020,Indonesia,23,39.5,42.1,0,0,0.0,0.84,0.04,4.69,205,9715,0,"COVID restrictions, minimal pilgrims"
2020,Pakistan,23,40.7,33.5,0,0,0.0,1.23,0.02,4.47,207,6680,0,"COVID restrictions, minimal pilgrims"
2020,India,19,40.9,56.2,0,0,0.0,2.41,0.05,4.96,224,12578,0,"COVID restrictions, minimal pilgrims"
2020,Bangladesh,13,42.0,58.5,0,0,0.0,1.82,0.09,4.28,215,9588,0,"COVID restrictions, minimal pilgrims"
2020,Nigeria,14,42.2,51.5,0,0,0.0,1.98,0.02,3.35,164,5614,0,"COVID restrictions, minimal pilgrims"
2020,Egypt,10,39.1,18.8,0,0,0.0,0.58,0.09,2.23,220,11474,0,"COVID restrictions, minimal pilgrims"
2020,Turkey,9,42.1,64.1,0,0,0.0,2.36,0.03,4.05,245,9962,0,"COVID restrictions, minimal pilgrims"
2020,Iran,11,42.7,45.8,0,0,0.0,1.88,0.03,3.25,255,13671,0,"COVID restrictions, minimal pilgrims"
2020,Morocco,9,41.9,26.0,0,0,0.0,0.95,0.05,3.04,241,11047,0,"COVID restrictions, minimal pilgrims"
2020,Malaysia,7,41.4,42.5,0,0,0.0,1.05,0.06,2.97,204,11282,0,"COVID restrictions, minimal pilgrims"
2020,Algeria,8,39.0,22.5,0,0,0.0,2.19,0.06,3.78,190,10650,0,"COVID restrictions, minimal pilgrims"
2020,Sudan,5,42.8,37.2,0,0,0.0,2.41,0.04,3.52,206,13197,0,"COVID restrictions, minimal pilgrims"
2020,Saudi Arabia,296,39.2,31.1,0,1,11.0,1.0,0.09,4.33,257,7920,5,"COVID restrictions, minimal pilgrims"
2020,Iraq,4,39.4,21.7,0,0,0.0,2.09,0.08,2.9,175,9715,0,"COVID restrictions, minimal pilgrims"
2020,Yemen,3,40.9,32.9,0,0,0.0,1.79,0.06,2.3,249,13652,0,"COVID restrictions, minimal pilgrims"
2020,Senegal,3,40.5,62.0,0,0,0.0,0.92,0.06,4.38,200,9917,0,"COVID restrictions, minimal pilgrims"
2020,Kazakhstan,3,40.1,24.3,0,0,0.0,1.22,0.09,2.17,176,9787,0,"COVID restrictions, minimal pilgrims"
2020,Tunisia,2,41.5,33.5,0,0,0.0,2.38,0.09,4.99,179,10749,0,"COVID restrictions, minimal pilgrims"
2020,Libya,2,40.1,20.9,0,0,0.0,0.69,0.03,3.6,165,12300,0,"COVID restrictions, minimal pilgrims"
2020,Afghanistan,1,41.7,38.8,0,0,0.0,2.28,0.05,3.88,243,6605,0,"COVID restrictions, minimal pilgrims"
2021,Indonesia,145,41.5,42.8,0,0,7.0,1.08,0.04,2.56,229,5410,2,COVID – vaccinated pilgrims only
2021,Pakistan,139,38.2,51.2,0,0,2.0,2.07,0.07,3.41,197,6197,3,COVID – vaccinated pilgrims only
2021,India,133,38.1,30.6,0,0,8.0,1.85,0.04,4.65,189,10521,2,COVID – vaccinated pilgrims only
2021,Bangladesh,85,38.3,63.4,0,0,4.0,1.22,0.09,2.48,234,9336,1,COVID – vaccinated pilgrims only
2021,Nigeria,75,41.9,54.9,0,0,3.0,1.1,0.08,4.89,140,7010,1,COVID – vaccinated pilgrims only
2021,Egypt,66,38.5,21.8,0,0,2.0,1.41,0.1,3.05,166,5671,1,COVID – vaccinated pilgrims only
2021,Turkey,71,40.5,50.0,0,0,2.0,0.8,0.04,3.5,231,6168,1,COVID – vaccinated pilgrims only
2021,Iran,53,39.2,20.7,0,0,1.0,1.49,0.06,3.05,191,8104,0,COVID – vaccinated pilgrims only
2021,Morocco,50,39.6,27.2,0,0,2.0,2.48,0.07,3.6,256,5398,1,COVID – vaccinated pilgrims only
2021,Malaysia,51,41.9,19.8,0,0,0.0,0.54,0.05,4.05,230,7441,1,COVID – vaccinated pilgrims only
2021,Algeria,45,38.0,55.9,0,0,2.0,2.22,0.06,3.57,172,9851,0,COVID – vaccinated pilgrims only
2021,Sudan,35,41.7,27.9,0,0,1.0,1.24,0.07,3.23,233,11541,0,COVID – vaccinated pilgrims only
2021,Saudi Arabia,1577,38.1,30.9,0,4,73.0,0.64,0.09,2.19,195,5134,33,COVID – vaccinated pilgrims only
2021,Iraq,31,42.0,27.4,0,0,0.0,2.29,0.05,4.16,235,13024,0,COVID – vaccinated pilgrims only
2021,Yemen,25,41.1,32.8,0,0,1.0,1.07,0.05,3.59,229,10063,0,COVID – vaccinated pilgrims only
2021,Senegal,23,39.4,24.6,0,0,1.0,0.87,0.03,3.23,160,8644,0,COVID – vaccinated pilgrims only
2021,Kazakhstan,19,40.8,32.2,0,0,0.0,0.99,0.09,2.94,193,8440,0,COVID – vaccinated pilgrims only
2021,Tunisia,17,38.5,56.8,0,0,0.0,2.18,0.06,2.91,164,10919,0,COVID – vaccinated pilgrims only
2021,Libya,14,38.1,45.4,0,0,0.0,2.12,0.02,2.4,152,13927,0,COVID – vaccinated pilgrims only
2021,Afghanistan,11,41.3,31.2,0,0,0.0,2.4,0.04,2.51,229,9155,0,COVID – vaccinated pilgrims only
2022,Indonesia,126330,43.2,59.7,21,709,3345.0,7.33,0.75,4.98,140,12670,2756,Normal year
2022,Pakistan,116547,43.5,26.3,26,377,6252.0,2.76,0.97,4.48,192,7190,2443,Normal year
2022,India,113133,43.2,39.9,17,497,1755.0,9.02,0.86,4.7,253,8378,1895,Normal year
2022,Bangladesh,77047,44.2,27.2,18,215,2361.0,4.96,0.8,4.5,227,11142,1436,Normal year
2022,Nigeria,72679,42.8,26.2,15,281,1685.0,7.07,0.72,4.74,254,12550,1320,Normal year
2022,Egypt,66156,43.3,33.7,7,387,1032.0,3.49,0.93,4.03,193,10300,1387,Normal year
2022,Turkey,54820,41.6,58.3,9,203,1450.0,7.78,0.81,4.7,230,7714,1298,Normal year
2022,Iran,46398,44.3,32.6,8,148,1956.0,3.22,0.9,3.88,203,11427,905,Normal year
2022,Morocco,44919,44.1,45.3,6,161,1813.0,2.24,0.66,4.11,248,13345,1112,Normal year
2022,Malaysia,36394,42.7,62.1,5,182,1636.0,7.17,0.92,3.69,248,8622,812,Normal year
2022,Algeria,42009,44.0,20.4,5,216,1779.0,9.18,0.65,3.84,231,7529,904,Normal year
2022,Sudan,30584,43.9,47.5,4,120,1542.0,8.32,0.71,4.26,179,11243,526,Normal year
2022,Saudi Arabia,25318,44.7,53.3,2,133,398.0,8.26,0.98,4.76,256,13078,586,Normal year
2022,Iraq,23947,43.5,56.8,2,61,451.0,3.72,0.94,4.66,147,12238,568,Normal year
2022,Yemen,17827,41.8,36.3,2,80,337.0,2.67,0.79,4.94,147,5057,391,Normal year
2022,Senegal,18616,41.2,34.6,1,48,477.0,5.11,0.71,3.9,251,8383,357,Normal year
2022,Kazakhstan,16057,41.1,27.4,3,87,581.0,6.01,0.99,3.95,248,5171,297,Normal year
2022,Tunisia,13227,44.1,31.7,2,47,557.0,3.08,0.78,4.32,174,6410,297,Normal year
2022,Libya,10834,43.8,22.8,1,53,596.0,6.66,0.79,3.78,148,6117,269,Normal year
2022,Afghanistan,11132,42.5,50.8,1,56,522.0,7.09,0.71,3.5,240,6197,189,Normal year
2023,Indonesia,237732,45.2,36.0,37,700,8964.0,9.26,0.73,4.3,259,8943,5587,Normal year
2023,Pakistan,225893,46.9,47.4,45,1022,10463.0,3.69,0.86,3.68,215,6463,4701,Normal year
2023,India,181788,45.7,39.8,39,733,3287.0,5.27,0.8,4.21,245,9242,3092,Normal year
2023,Bangladesh,127678,43.7,54.9,25,648,3172.0,3.22,0.83,3.9,269,10872,2557,Normal year
2023,Nigeria,125657,44.0,40.8,19,315,6778.0,5.75,0.74,4.73,203,12161,2269,Normal year
2023,Egypt,114483,43.2,51.3,23,673,3669.0,2.77,0.93,4.92,217,11359,2627,Normal year
2023,Turkey,91909,44.0,62.8,11,542,4851.0,7.79,0.98,4.39,243,13636,1568,Normal year
2023,Iran,94446,45.4,25.4,20,445,1961.0,3.87,0.98,4.58,262,8781,1934,Normal year
2023,Morocco,78803,46.0,47.8,12,411,1303.0,5.93,0.91,4.22,296,9934,1534,Normal year
2023,Malaysia,67587,45.7,40.4,11,239,2810.0,5.34,0.96,4.1,206,12346,1285,Normal year
2023,Algeria,75946,46.5,60.2,13,410,1682.0,2.98,0.73,3.8,290,11148,1453,Normal year
2023,Sudan,60420,43.6,47.2,14,338,2731.0,9.04,0.92,3.97,226,9361,1214,Normal year
2023,Saudi Arabia,52135,46.5,33.1,6,243,995.0,7.08,0.92,4.83,291,7108,886,Normal year
2023,Iraq,45658,43.5,25.4,6,259,1833.0,3.87,0.98,3.62,220,11270,869,Normal year
2023,Yemen,38111,46.2,44.5,7,218,769.0,9.3,0.91,3.72,272,5957,733,Normal year
2023,Senegal,35046,43.2,18.7,5,159,1508.0,2.57,0.67,4.59,284,12110,828,Normal year
2023,Kazakhstan,27751,46.6,25.7,2,71,855.0,2.84,0.9,4.09,299,12251,498,Normal year
2023,Tunisia,27609,46.7,27.4,5,84,1049.0,7.63,0.75,3.92,214,8243,589,Normal year
2023,Libya,23942,46.8,26.1,2,75,547.0,6.58,0.72,3.82,277,7409,494,Normal year
2023,Afghanistan,20064,46.1,31.7,4,62,505.0,8.91,0.87,3.92,201,5729,483,Normal year
2024,Indonesia,266433,47.1,22.5,214,1389,36634.0,9.19,0.98,2.56,276,12687,4738,"Record heat wave 51°C – 1,300+ deaths"
2024,Pakistan,191123,50.2,40.3,214,1030,66253.0,8.57,0.83,2.98,307,11679,4339,"Record heat wave 51°C – 1,300+ deaths"
2024,India,169712,50.9,59.4,197,1011,78838.0,9.41,0.74,2.6,200,17371,3073,"Record heat wave 51°C – 1,300+ deaths"
2024,Bangladesh,138775,47.6,58.1,301,685,41384.0,7.64,0.75,1.92,203,15703,3155,"Record heat wave 51°C – 1,300+ deaths"
2024,Nigeria,132635,48.3,32.7,179,659,38466.0,9.47,0.76,2.98,234,14635,2523,"Record heat wave 51°C – 1,300+ deaths"
2024,Egypt,120354,48.5,18.9,203,710,18669.0,9.35,0.74,3.17,228,9377,2185,"Record heat wave 51°C – 1,300+ deaths"
2024,Turkey,95361,49.2,19.3,92,545,40234.0,8.92,0.89,1.83,319,11301,1875,"Record heat wave 51°C – 1,300+ deaths"
2024,Iran,102430,49.9,51.8,220,495,16042.0,9.78,0.89,1.85,217,12203,1709,"Record heat wave 51°C – 1,300+ deaths"
2024,Morocco,75150,50.7,50.5,108,279,25809.0,7.54,0.89,1.63,267,16584,1531,"Record heat wave 51°C – 1,300+ deaths"
2024,Malaysia,65166,47.2,41.0,69,228,18715.0,9.14,0.87,2.81,258,9128,1393,"Record heat wave 51°C – 1,300+ deaths"
2024,Algeria,64975,48.8,21.1,122,300,17906.0,9.75,0.7,3.14,295,17029,1351,"Record heat wave 51°C – 1,300+ deaths"
2024,Sudan,50519,48.6,19.1,66,228,11412.0,9.41,0.94,1.72,228,15728,1012,"Record heat wave 51°C – 1,300+ deaths"
2024,Saudi Arabia,56928,49.5,43.5,112,235,6841.0,8.22,0.96,2.41,264,12664,1124,"Record heat wave 51°C – 1,300+ deaths"
2024,Iraq,44877,50.6,63.7,82,127,11320.0,8.24,0.7,2.66,272,11575,966,"Record heat wave 51°C – 1,300+ deaths"
2024,Yemen,34273,50.9,49.9,72,167,9489.0,9.0,0.74,2.17,300,11901,824,"Record heat wave 51°C – 1,300+ deaths"
2024,Senegal,36141,50.2,63.1,62,155,15753.0,8.59,0.87,2.83,298,17667,658,"Record heat wave 51°C – 1,300+ deaths"
2024,Kazakhstan,27548,48.2,50.4,48,151,4959.0,8.82,0.72,1.97,230,15504,616,"Record heat wave 51°C – 1,300+ deaths"
2024,Tunisia,26244,50.3,55.1,27,109,9211.0,8.83,0.73,2.29,307,17308,521,"Record heat wave 51°C – 1,300+ deaths"
2024,Libya,22330,49.1,41.6,45,94,9757.0,7.53,0.88,2.25,246,9249,465,"Record heat wave 51°C – 1,300+ deaths"
2024,Afghanistan,17231,48.0,61.2,32,49,2269.0,8.56,0.68,2.97,260,10514,352,"Record heat wave 51°C – 1,300+ deaths"
2025,Indonesia,251260,46.5,25.8,55,1330,4825.0,3.5,0.89,4.63,221,12577,6222,Normal year
2025,Pakistan,185597,46.5,61.9,44,674,5729.0,6.06,0.84,4.35,262,10920,3288,Normal year
2025,India,210719,46.6,28.4,49,915,7828.0,8.28,0.79,3.56,290,12345,4968,Normal year
2025,Bangladesh,143130,46.1,59.4,30,694,7564.0,7.07,0.7,3.71,246,11850,2388,Normal year
2025,Nigeria,128969,45.5,40.3,29,705,6896.0,8.96,0.73,3.75,230,16789,2254,Normal year
2025,Egypt,102436,47.6,33.1,21,400,2883.0,4.45,0.97,4.36,262,12346,1869,Normal year
2025,Turkey,102917,47.5,19.9,21,470,2685.0,4.21,0.87,3.84,202,14620,1991,Normal year
2025,Iran,84507,46.9,43.9,20,491,1704.0,6.26,0.99,4.53,311,14270,1588,Normal year
2025,Morocco,88767,48.7,29.8,21,332,3626.0,8.29,0.74,4.66,317,16072,1863,Normal year
2025,Malaysia,83946,48.6,32.7,16,407,4459.0,8.38,0.81,4.08,311,9341,1553,Normal year
2025,Algeria,79617,46.5,22.2,9,400,4058.0,5.21,0.78,4.82,298,16893,1607,Normal year
2025,Sudan,55779,48.5,53.0,8,237,3329.0,3.4,0.69,4.24,253,9015,1054,Normal year
2025,Saudi Arabia,58145,48.6,52.0,5,183,3398.0,2.12,0.97,4.5,300,9956,1272,Normal year
2025,Iraq,52351,48.2,21.0,13,262,2872.0,5.76,0.89,4.14,239,9707,1018,Normal year
2025,Yemen,38734,45.2,35.3,7,106,2135.0,7.22,0.9,4.33,272,17709,813,Normal year
2025,Senegal,35374,45.1,62.1,5,119,841.0,3.41,0.67,3.67,217,11594,616,Normal year
2025,Kazakhstan,25289,46.3,23.8,2,109,476.0,9.17,0.83,4.87,217,13112,572,Normal year
2025,Tunisia,25689,47.4,18.5,5,94,621.0,9.2,0.68,3.93,218,9289,523,Normal year
2025,Libya,23001,47.8,39.1,4,76,687.0,7.32,0.66,4.95,231,11760,437,Normal year
2025,Afghanistan,19457,46.4,28.5,4,50,1009.0,8.83,0.74,4.84,319,17071,369,Normal year
2026,N/A,0,39.5,25.6,0,0,0.0,0.0,0.19,,209,11390,16053,Pre-Hajj data – Hajj season June 2026
